公告日期,公告名稱,編號,縣市,工廠名稱或違章建築,地址,地號,使用分區,使用地,縣市政府查處情形,裝設AMI監控情形,違規建物樣態
2020-12-01,查處名單,43,高雄市,○○塑膠廠,高雄市大寮區鳳屏二路,大寮區磚子磘段,,,查處後勒令停工,,
2020-12-01,查處名單,44,高雄市,○○企業股份有限公司,高雄市岡山區本洲路,岡山區新本洲段,,,查處後勒令停工,,
2020-12-01,查處名單,45,高雄市,○○展業有限公司,高雄市岡山區嘉興路,岡山區嘉興段,,,查處後勒令停工,,
2020-12-01,查處名單,46,高雄市,○○木型有限公司,高雄市岡山區田厝路,岡山區拕子段,,,查處後勒令停工,,
2021-01-04,待勘查案件名單,3,高雄市,,,大寮區山子頂段,,,,,
2021-01-04,待勘查案件名單,4,高雄市,,,岡山區嘉興段,,,,,
2021-01-04,待勘查案件名單,5,高雄市,,,岡山區嘉興段,,,,,
2021-01-04,待勘查案件名單,6,高雄市,,,永安區維新段,,,,,
2021-01-04,待勘查案件名單,7,高雄市,,楠梓區高楠公路,,,,,,
2021-01-04,經勘查非屬工廠及未達規模名單,106,高雄市,,,路竹區新園段,,,非屬工廠,已裝設,興建中建物
2021-01-04,經勘查非屬工廠及未達規模名單,107,高雄市,,,路竹區新園段,,,非屬工廠,已裝設,興建中建物
2021-01-04,經勘查非屬工廠及未達規模名單,108,高雄市,,,燕巢區鳳雄段,,,非屬工廠,已裝設,興建中建物
2021-01-04,經勘查非屬工廠及未達規模名單,109,高雄市,○○興業有限公司,,岡山區拕子段,,,非屬工廠,,螺絲包裝、倉庫
2021-01-04,經勘查非屬工廠及未達規模名單,265,高雄市,○○木業有限公司,,梓官區新興段,,,未達規模,,未達規模
2021-02-01,地方政府優先查處之疑似新增未登記工廠情形(109年),122,高雄市,○○塑膠廠,高雄市大寮區鳳屏二路,大寮區磚子磘段2079地號,,,查處後勒令停工,已裝設,
2021-02-01,地方政府優先查處之疑似新增未登記工廠情形(109年),123,高雄市,○○展業有限公司,高雄市岡山區嘉興路,岡山區嘉興段2083地號(部分使用),,,查處後勒令停工,已裝設,
2021-02-01,,100,高雄市,,,路竹區新園段,,,非屬工廠,已裝設,興建中建物
2021-02-01,,101,高雄市,,,路竹區新園段,,,非屬工廠,已裝設,興建中建物
2021-02-01,,102,高雄市,,,燕巢區鳳雄段,,,非屬工廠,已裝設,興建中建物
2021-02-01,,103,高雄市,○○興業有限公司,高雄市岡山區嘉新東路,三和段,,,非屬工廠,,螺絲包裝、倉庫
2021-02-01,,258,高雄市,○○木業有限公司,,梓官區新興段,,,未達規模,,未達規模
2021-03-02,地方政府優先查處之疑似新增未登記工廠情形,42,高雄市,○○塑膠廠,高雄市大寮區鳳屏二路,大寮區磚子磘段2079地號,,,查處後勒令停工,已裝設,
2021-03-02,地方政府優先查處之疑似新增未登記工廠情形,43,高雄市,○○展業有限公司,高雄市岡山區嘉興路,岡山區嘉興段2083地號(部分使用),,,查處後勒令停工,已裝設,
2021-03-02,地方政府優先查處之疑似新增未登記工廠情形,25,高雄市,○○實業有限公司,高雄市鳥松區東山路,鳥松區松埔段854地號,,,勒令停工,,
2021-03-02,地方政府優先查處之疑似新增未登記工廠情形,26,高雄市,○○精密股份有限公司,高雄市岡山區成功路,岡山區為隨段512、514地號,,,勒令停工,,
2021-03-02,地方政府優先查處之疑似新增未登記工廠情形,85,高雄市,,,燕巢區鳳雄段,,,非屬工廠,已裝設,興建中建物
2021-03-02,地方政府優先查處之疑似新增未登記工廠情形,86,高雄市,○○興業有限公司,高雄市岡山區嘉新東路二段,岡山區三和段,,,非屬工廠,,螺絲包裝、倉庫
2021-03-02,地方政府優先查處之疑似新增未登記工廠情形,233,高雄市,○○木業有限公司,,梓官區新興段,,,未達規模,,未達規模
2021-04-06,地方政府優先查處之疑似新增未登記工廠情形,42,高雄市,○○塑膠廠,高雄市大寮區鳳屏二路,大寮區磚子磘段2079地號,,,查處後勒令停工,已裝設,
2021-04-06,地方政府優先查處之疑似新增未登記工廠情形,43,高雄市,○○展業有限公司,高雄市岡山區嘉興路,岡山區嘉興段2083地號(部分使用),,,查處後勒令停工,已裝設,
2021-04-06,地方政府優先查處之疑似新增未登記工廠情形,22,高雄市,○○實業有限公司,高雄市鳥松區東山路,鳥松區松埔段854地號,,,勒令停工,,
2021-04-06,地方政府優先查處之疑似新增未登記工廠情形,23,高雄市,○○精密股份有限公司,高雄市岡山區成功路,岡山區為隨段512、514地號,,,勒令停工,,
2021-04-06,地方政府優先查處之疑似新增未登記工廠情形,34,高雄市,○○鑫企業有限公司,大寮區興中街,大寮區山子頂段2228地號,,,勒令停工,,
2021-04-06,地方政府優先查處之疑似新增未登記工廠情形,35,高雄市,○○興業有限公司,鳥松區美山路,鳥松區大脚腿段1297-7地號,,,勒令停工,,
2021-04-06,地方政府優先查處之疑似新增未登記工廠情形,36,高雄市,○○精密機械有限公司,鳥松區美山路,鳥松區大脚腿段1297-6地號,,,勒令停工,,
2021-04-06,地方政府優先查處之疑似新增未登記工廠情形,85,高雄市,,,燕巢區鳳雄段,,,非屬工廠,已裝設,興建中建物
2021-04-06,地方政府優先查處之疑似新增未登記工廠情形,86,高雄市,○○興業有限公司,高雄市岡山區嘉新東路二段,岡山區三和段,,,非屬工廠,,螺絲包裝、倉庫
2021-05-03,(109年)經勘查非屬工廠及未達規模名單,102,高雄市,,,路竹區新園段,,,非屬工廠,已裝設,興建中建物
2021-05-03,(109年)經勘查非屬工廠及未達規模名單,103,高雄市,,,路竹區新園段,,,非屬工廠,已裝設,興建中建物
2021-05-03,(109年)經勘查非屬工廠及未達規模名單,104,高雄市,,,燕巢區鳳雄段,,,非屬工廠,已裝設,興建中建物
2021-05-03,(109年)經勘查非屬工廠及未達規模名單,105,高雄市,○○興業有限公司,高雄市岡山區嘉新東路,岡山區拕子段,,,非屬工廠,,螺絲包裝、倉庫
2021-05-03,(110年)經勘查非屬工廠及未達規模名單,24,高雄市,,大社區嘉誠里嘉誠路,,,,非屬工廠,,民宅
2021-05-03,(110年)經勘查非屬工廠及未達規模名單,25,高雄市,,大社區嘉誠里蜈潭巷,,,,非屬工廠,,農地及農舍
2021-05-03,(109年)地方政府優先查處之疑似新增未登記工廠情形,40,高雄市,○○塑膠廠,高雄市大寮區鳳屏二路,大寮區磚子磘段2079地號,,,查處後勒令停工,已裝設,
2021-05-03,(109年)地方政府優先查處之疑似新增未登記工廠情形,41,高雄市,○○展業有限公司,高雄市岡山區嘉興路,岡山區嘉興段2083地號(部分使用),,,已歇業,已裝設,
2021-05-03,(110年)地方政府優先查處之疑似新增未登記工廠情形,27,高雄市,○○實業有限公司,高雄市鳥松區東山路,鳥松區松埔段854地號,,,勒令停工,,
2021-05-03,(110年)地方政府優先查處之疑似新增未登記工廠情形,28,高雄市,○○精密股份有限公司,高雄市岡山區成功路,岡山區為隨段512、514地號,,,勒令停工,,
2021-05-03,(110年)地方政府優先查處之疑似新增未登記工廠情形,41,高雄市,○○鑫企業有限公司,大寮區興中街,大寮區山子頂段2228地號,,,勒令停工,,
2021-05-03,(110年)地方政府優先查處之疑似新增未登記工廠情形,42,高雄市,○○興業有限公司,鳥松區美山路,鳥松區大脚腿段1297-7地號,,,勒令停工,,
2021-05-03,(110年)地方政府優先查處之疑似新增未登記工廠情形,43,高雄市,○○精密機械有限公司,鳥松區美山路,鳥松區大脚腿段1297-6地號,,,勒令停工,,
2021-06-04,經濟部專案檢送109及110年違反非都市土地使用管制案件查處情形統計表,41,高雄市,,,路竹區新園段(2802)3392地號,特定農業區,農牧用地,"裁處罰鍰                  已停止供水供電",,
2021-06-04,經濟部專案檢送109及110年違反非都市土地使用管制案件查處情形統計表,42,高雄市,,,路竹區新園段(2802)3393地號,特定農業區,農牧用地,"裁處罰鍰                  已停止供水供電",,
2021-06-04,經濟部專案檢送109及110年違反非都市土地使用管制案件查處情形統計表,43,高雄市,,,岡山區拕子段1057-5、1058-1、1058-3、1058-4地號,一般農業區,農牧用地,"裁處罰鍰                   依工廠管理輔導法規定申請納管審核中",,
2021-06-04,經濟部專案檢送109及110年違反非都市土地使用管制案件查處情形統計表,129,高雄市,,,梓官區新興段698、699地號,一般農業區,農牧用地,"裁處罰鍰                   依工廠管理輔導法規定申請納管審核中",,
2021-06-04,(109)地方政府優先查處之疑似新增未登記工廠情形,40,高雄市,○○展業有限公司,高雄市岡山區嘉興路,岡山區嘉興段2083地號(部分使用),,,已歇業,是,
2021-06-04,(109)地方政府優先查處之疑似新增未登記工廠情形,69,高雄市,○○合,,大寮區山子頂段4142-3、4142-4、4142-5地號,,,勒令停工,,
2021-06-04,(109)地方政府優先查處之疑似新增未登記工廠情形,99,高雄市,○○豐企業有限公司,高雄市大寮區興中街,山子頂段2227、2227-1地號,,,勒令停工,是,
2021-06-04,(109)地方政府優先查處之疑似新增未登記工廠情形,100,高雄市,○○企業社,高雄市大樹區九大路,維新段33-37地號,,,勒令停工,是,
2021-07-01,經濟部專案檢送109及110年違反非都市土地使用管制案件查處情形表(截至110年6月18日),41,高雄市,,,路竹區新園段3392地號,特定農業區,農牧用地,"裁處罰鍰                  已停止供水供電",,
2021-07-01,經濟部專案檢送109及110年違反非都市土地使用管制案件查處情形表(截至110年6月18日),42,高雄市,,,路竹區新園段3393地號,特定農業區,農牧用地,"裁處罰鍰                  已停止供水供電",,
2021-07-01,經濟部專案檢送109及110年違反非都市土地使用管制案件查處情形表(截至110年6月18日),43,高雄市,,,岡山區拕子段1057-5、1058-1、1058-3、1058-4地號,一般農業區,農牧用地,"裁處罰鍰                   依工廠管理輔導法規定申請納管審核中",,
2021-07-01,經濟部專案檢送109及110年違反非都市土地使用管制案件查處情形表(截至110年6月18日),130,高雄市,,,梓官區新興段698、699地號,一般農業區,農牧用地,"裁處罰鍰                   依工廠管理輔導法規定申請納管審核中",,
2021-07-01,(109年)地方政府優先查處之疑似新增未登記工廠情形,40,高雄市,○○展業有限公司,高雄市岡山區嘉興路,岡山區嘉興段2083地號(部分使用),,,已歇業,是,
2021-07-01,(109年)地方政府優先查處之疑似新增未登記工廠情形,68,高雄市,○○合,,大寮區山子頂段4142-3、4142-4、4142-5地號,,,勒令停工,,
2021-07-01,(109年)地方政府優先查處之疑似新增未登記工廠情形,69,高雄市,○○塑膠有限公司,岡山區嘉興路,岡山區嘉興段2083地號,,,勒令停工,是,
2021-07-01,(109年)地方政府優先查處之疑似新增未登記工廠情形,99,高雄市,○○豐企業有限公司,高雄市大寮區興中街,山子頂段2227、2227-1地號,,,勒令停工,是,
2021-07-01,(109年)地方政府優先查處之疑似新增未登記工廠情形,100,高雄市,○○企業社,高雄市仁武區工業二路,竹園段1135-8地號,,,勒令停工,是,
2021-07-01,(109年)地方政府優先查處之疑似新增未登記工廠情形,101,高雄市,○○企業社,高雄市大樹區九大路,維新段33-37地號,,,勒令停工,是,
2021-07-01,(109年)地方政府優先查處之疑似新增未登記工廠情形,102,高雄市,○○工程有限公司,高雄市仁武區公館一巷無門牌,觀音湖段1248-13地號,,,勒令停工,,
2021-07-01,(110年)地方政府優先查處之疑似新增未登記工廠情形,26,高雄市,○○實業有限公司,高雄市鳥松區東山路,鳥松區松埔段854地號,,,勒令停工,,
2021-07-01,(110年)地方政府優先查處之疑似新增未登記工廠情形,27,高雄市,○○精密股份有限公司,高雄市岡山區成功路,岡山區為隨段512、514地號,,,勒令停工,是,
2021-07-01,(110年)地方政府優先查處之疑似新增未登記工廠情形,40,高雄市,○○興業有限公司,鳥松區美山路,鳥松區大脚腿段1297-7地號,,,勒令停工,,
2021-07-01,(110年)地方政府優先查處之疑似新增未登記工廠情形,41,高雄市,○○精密機械有限公司,鳥松區美山路,鳥松區大脚腿段1297-6地號,,,勒令停工,,
2021-08-02,經濟部專案檢送109及110年違反非都市土地使用管制案件查處情形表(截至110年7月23日),42,高雄市,,,路竹區新園段3392地號,特定農業區,農牧用地,"裁處罰鍰                  已停止供水供電",,
2021-08-02,經濟部專案檢送109及110年違反非都市土地使用管制案件查處情形表(截至110年7月23日),43,高雄市,,,路竹區新園段3393地號,特定農業區,農牧用地,"裁處罰鍰                  已停止供水供電",,
2021-08-02,經濟部專案檢送109及110年違反非都市土地使用管制案件查處情形表(截至110年7月23日),44,高雄市,,,岡山區拕子段1057-5、1058-1、1058-3、1058-4地號,一般農業區,農牧用地,"裁處罰鍰                   依工廠管理輔導法規定申請納管審核中",,
2021-08-02,經濟部專案檢送109及110年違反非都市土地使用管制案件查處情形表(截至110年7月23日),138,高雄市,,,梓官區新興段698、699地號,一般農業區,農牧用地,"裁處罰鍰                   依工廠管理輔導法規定申請納管審核中",,
2021-08-02,經濟部專案檢送109及110年違反非都市土地使用管制案件查處情形表(截至110年7月23日),227,高雄市,,,岡山區嘉興段2083地號,特定農業區,農牧用地,裁處罰鍰,,
2021-08-02,(109年)地方政府優先查處之疑似新增未登記工廠情形,40,高雄市,○○展業有限公司,高雄市岡山區嘉興路,岡山區嘉興段2083地號(部分使用),,,已歇業,是,
2021-08-02,(109年)地方政府優先查處之疑似新增未登記工廠情形,68,高雄市,○○合,,大寮區山子頂段4142-3、4142-4、4142-5地號,,,勒令停工,,
2021-08-02,(109年)地方政府優先查處之疑似新增未登記工廠情形,69,高雄市,○○塑膠有限公司,岡山區嘉興路,岡山區嘉興段2083地號,,,勒令停工,是,
2021-08-02,(109年)地方政府優先查處之疑似新增未登記工廠情形,99,高雄市,○○豐企業有限公司,高雄市大寮區興中街,山子頂段2227、2227-1地號,,,勒令停工,是,
2021-08-02,(109年)地方政府優先查處之疑似新增未登記工廠情形,100,高雄市,○○企業社,高雄市仁武區工業二路,竹園段1135-8地號,,,已停工,是,
2021-08-02,(109年)地方政府優先查處之疑似新增未登記工廠情形,101,高雄市,○○企業社,高雄市大樹區九大路,維新段33-37地號,,,勒令停工,是,
2021-08-02,(109年)地方政府優先查處之疑似新增未登記工廠情形,102,高雄市,○○工程有限公司,高雄市仁武區公館一巷無門牌,觀音湖段1248-13地號,,,勒令停工,,
2021-08-02,(110年)地方政府優先查處之疑似新增未登記工廠情形,26,高雄市,○○實業有限公司,高雄市鳥松區東山路,鳥松區松埔段854地號,,,勒令停工,,
2021-08-02,(110年)地方政府優先查處之疑似新增未登記工廠情形,27,高雄市,○○精密股份有限公司,高雄市岡山區成功路,岡山區為隨段512、514地號,,,勒令停工,是,
2021-08-02,(110年)地方政府優先查處之疑似新增未登記工廠情形,40,高雄市,○○興業有限公司,鳥松區美山路,鳥松區大脚腿段1297-7地號,,,勒令停工,,
2021-08-02,(110年)地方政府優先查處之疑似新增未登記工廠情形,41,高雄市,○○精密機械有限公司,鳥松區美山路,鳥松區大脚腿段1297-6地號,,,勒令停工,,
2021-09-02,經濟部專案檢送109及110年違反非都市土地使用管制案件查處情形表(截至110年8月20日),41,高雄市,,,路竹區新園段3392地號,特定農業區,農牧用地,"裁處罰鍰                  已停止供水供電",,
2021-09-02,經濟部專案檢送109及110年違反非都市土地使用管制案件查處情形表(截至110年8月20日),42,高雄市,,,路竹區新園段3393地號,特定農業區,農牧用地,"裁處罰鍰                  已停止供水供電",,
2021-09-02,經濟部專案檢送109及110年違反非都市土地使用管制案件查處情形表(截至110年8月20日),43,高雄市,,,岡山區拕子段1057-5、1058-1、1058-3、1058-4地號,一般農業區,農牧用地,"裁處罰鍰                   依工廠管理輔導法規定申請納管審核中",,
2021-09-02,經濟部專案檢送109及110年違反非都市土地使用管制案件查處情形表(截至110年8月20日),132,高雄市,,,梓官區新興段698、699地號,一般農業區,農牧用地,"裁處罰鍰                   依工廠管理輔導法規定申請納管審核中",,
2021-09-02,經濟部專案檢送109及110年違反非都市土地使用管制案件查處情形表(截至110年8月20日),220,高雄市,,,岡山區嘉興段2083地號,特定農業區,農牧用地,裁處罰鍰,,
2021-09-02,地方政府優先查處之疑似新增未登記工廠情形,40,高雄市,○○展業有限公司,高雄市岡山區嘉興路,岡山區嘉興段2083地號(部分使用),,,已歇業,是,
2021-09-02,地方政府優先查處之疑似新增未登記工廠情形,68,高雄市,○○塑膠有限公司,岡山區嘉興路,岡山區嘉興段2083地號,,,勒令停工,是,
2021-09-02,地方政府優先查處之疑似新增未登記工廠情形,96,高雄市,○○豐企業有限公司,高雄市大寮區興中街,山子頂段2227、2227-1地號,,,勒令停工,是,
2021-09-02,地方政府優先查處之疑似新增未登記工廠情形,97,高雄市,○○企業社,高雄市仁武區工業二路,竹園段1135-8地號,,,已停工,是,
2021-09-02,地方政府優先查處之疑似新增未登記工廠情形,98,高雄市,○○工程有限公司,高雄市仁武區公館一巷無門牌,觀音湖段1248-13地號,,,已歇業,,
2021-09-02,(110年)地方政府優先查處之疑似新增未登記工廠情形,22,高雄市,○○實業有限公司,高雄市鳥松區東山路,鳥松區松埔段854地號,,,勒令停工,,
2021-09-02,(110年)地方政府優先查處之疑似新增未登記工廠情形,23,高雄市,○○精密股份有限公司,高雄市岡山區成功路,岡山區為隨段512、514地號,,,勒令停工,是,
2021-09-02,(110年)地方政府優先查處之疑似新增未登記工廠情形,37,高雄市,○○興業有限公司,鳥松區美山路,鳥松區大脚腿段1297-7地號,,,勒令停工,,
2021-09-02,(110年)地方政府優先查處之疑似新增未登記工廠情形,38,高雄市,○○精密機械有限公司,鳥松區美山路,鳥松區大脚腿段1297-6地號,,,勒令停工,,
2021-10-05,經濟部專案檢送109及110年違反非都市土地使用管制案件查處情形表(截至110年9月24日),41,高雄市,,,路竹區新園段3392地號,特定農業區,農牧用地,"裁處罰鍰                  已停止供水供電",,
2021-10-05,經濟部專案檢送109及110年違反非都市土地使用管制案件查處情形表(截至110年9月24日),42,高雄市,,,路竹區新園段3393地號,特定農業區,農牧用地,"裁處罰鍰                  已停止供水供電",,
2021-10-05,經濟部專案檢送109及110年違反非都市土地使用管制案件查處情形表(截至110年9月24日),43,高雄市,,,岡山區拕子段1057-5、1058-1、1058-3、1058-4地號,一般農業區,農牧用地,"裁處罰鍰                   依工廠管理輔導法規定申請納管審核中",,
2021-10-05,經濟部專案檢送109及110年違反非都市土地使用管制案件查處情形表(截至110年9月24日),135,高雄市,,,梓官區新興段698、699地號,一般農業區,農牧用地,"裁處罰鍰                   依工廠管理輔導法規定申請納管審核中",,
2021-10-05,經濟部專案檢送109及110年違反非都市土地使用管制案件查處情形表(截至110年9月24日),237,高雄市,,,岡山區嘉興段2083地號,特定農業區,農牧用地,裁處罰鍰,,
2021-10-05,經濟部專案檢送109年及110年違反都市計畫土地使用管制查處情形表（截至110年9月24日）,27,高雄市,,,大寮區磚子磘段2079地號,農業區,,裁處罰鍰,,
2021-10-05,(109年)地方政府優先查處之疑似新增未登記工廠情形,40,高雄市,○○展業有限公司,高雄市岡山區嘉興路,岡山區嘉興段2083地號(部分使用),,,已歇業,是,
2021-10-05,(109年)地方政府優先查處之疑似新增未登記工廠情形,68,高雄市,○○塑膠有限公司,岡山區嘉興路,岡山區嘉興段2083地號,,,勒令停工,是,
2021-10-05,(109年)地方政府優先查處之疑似新增未登記工廠情形,93,高雄市,○○豐企業有限公司,高雄市大寮區興中街,山子頂段2227、2227-1地號,,,勒令停工,是,
2021-10-05,(109年)地方政府優先查處之疑似新增未登記工廠情形,94,高雄市,○○企業社,高雄市仁武區工業二路,竹園段1135-8地號,,,已停工,是,
2021-10-05,(109年)地方政府優先查處之疑似新增未登記工廠情形,95,高雄市,○○工程有限公司,高雄市仁武區公館一巷無門牌,觀音湖段1248-13地號,,,已歇業,,
2021-10-05,(110年)地方政府優先查處之疑似新增未登記工廠情形,23,高雄市,○○實業有限公司,高雄市鳥松區東山路,鳥松區松埔段854地號,,,勒令停工,,
2021-11-02,經濟部專案檢送109年及110年違反都市計畫土地使用管制裁處情形表（截至110.10.22）,27,高雄市,,,大寮區磚子磘段2079地號,農業區,,裁處罰鍰,,
2021-11-02,經濟部專案檢送109及110年違反非都市土地使用管制案件查處情形表(截至110年10月22日),41,高雄市,,,路竹區新園段3392地號,特定農業區,農牧用地,"裁處罰鍰                  已停止供水供電",,
2021-11-02,經濟部專案檢送109及110年違反非都市土地使用管制案件查處情形表(截至110年10月22日),42,高雄市,,,路竹區新園段3393地號,特定農業區,農牧用地,"裁處罰鍰                  已停止供水供電",,
2021-11-02,經濟部專案檢送109及110年違反非都市土地使用管制案件查處情形表(截至110年10月22日),43,高雄市,,,岡山區拕子段1057-5、1058-1、1058-3、1058-4地號,一般農業區,農牧用地,"裁處罰鍰                   依工廠管理輔導法規定申請納管審核中",,
2021-11-02,經濟部專案檢送109及110年違反非都市土地使用管制案件查處情形表(截至110年10月22日),136,高雄市,,,梓官區新興段698、699地號,一般農業區,農牧用地,"裁處罰鍰                   依工廠管理輔導法規定申請納管審核中",,
2021-11-02,經濟部專案檢送109及110年違反非都市土地使用管制案件查處情形表(截至110年10月22日),239,高雄市,,,岡山區嘉興段2083地號,特定農業區,農牧用地,裁處罰鍰,,
2021-11-02,(109年)地方政府優先查處之疑似新增未登記工廠情形,40,高雄市,○○展業有限公司,高雄市岡山區嘉興路,岡山區嘉興段2083地號(部分使用),,,已歇業,是,
2021-11-02,(109年)地方政府優先查處之疑似新增未登記工廠情形,68,高雄市,○○塑膠有限公司,岡山區嘉興路,岡山區嘉興段2083地號,,,勒令停工,是,
2021-11-02,(109年)地方政府優先查處之疑似新增未登記工廠情形,93,高雄市,○○豐企業有限公司,高雄市大寮區興中街,山子頂段2227、2227-1地號,,,勒令停工,是,
2021-11-02,(109年)地方政府優先查處之疑似新增未登記工廠情形,94,高雄市,○○企業社,高雄市仁武區工業二路,竹園段1135-8地號,,,已停工,是,
2021-11-02,(109年)地方政府優先查處之疑似新增未登記工廠情形,95,高雄市,○○工程有限公司,高雄市仁武區公館一巷無門牌,觀音湖段1248-13地號,,,已歇業,,
2021-12-01,經濟部專案檢送109及110年違反非都市土地使用管制案件查處情形表(截至110年11月21日),42,高雄市,,,路竹區新園段3392地號,特定農業區,農牧用地,"裁處罰鍰                  已停止供水供電",,
2021-12-01,經濟部專案檢送109及110年違反非都市土地使用管制案件查處情形表(截至110年11月21日),43,高雄市,,,路竹區新園段3393地號,特定農業區,農牧用地,"裁處罰鍰                  已停止供水供電",,
2021-12-01,經濟部專案檢送109及110年違反非都市土地使用管制案件查處情形表(截至110年11月21日),44,高雄市,,,岡山區拕子段1057-5、1058-1、1058-3、1058-4地號,一般農業區,農牧用地,"裁處罰鍰                   依工廠管理輔導法規定申請納管審核中",,
2021-12-01,經濟部專案檢送109及110年違反非都市土地使用管制案件查處情形表(截至110年11月21日),137,高雄市,,,梓官區新興段698、699地號,一般農業區,農牧用地,依工廠管理輔導法規定核准納管,,
2021-12-01,經濟部專案檢送109及110年違反非都市土地使用管制案件查處情形表(截至110年11月21日),240,高雄市,,,岡山區嘉興段2083地號,特定農業區,農牧用地,裁處罰鍰,,
2021-12-01,經濟部專案檢送109及110年違反非都市土地使用管制案件查處情形表(截至110年11月21日),289,高雄市,,,湖內區圍子內段4162地號,一般農業區,農牧用地,裁處罰鍰,,
2021-12-01,經濟部專案檢送109及110年違反非都市土地使用管制案件查處情形表(截至110年11月21日),296,高雄市,,,阿蓮區阿蓮段2856地號,特定農業區,農牧用地,依工廠管理輔導法規定申請納管審核中,,
2021-12-01,經濟部專案檢送109年及110年違反都市計畫土地使用管制裁處情形表（截至110年11月21日）,30,高雄市,,,大寮區磚子磘段2079地號,農業區,,裁處罰鍰,,
2021-12-01,(109年)地方政府優先查處之疑似新增未登記工廠情形,40,高雄市,○○展業有限公司,高雄市岡山區嘉興路,岡山區嘉興段2083地號(部分使用),,,已歇業,是,
2021-12-01,(109年)地方政府優先查處之疑似新增未登記工廠情形,92,高雄市,○○豐企業有限公司,高雄市大寮區興中街,山子頂段2227、2227-1地號,,,勒令停工,是,
2021-12-01,(109年)地方政府優先查處之疑似新增未登記工廠情形,93,高雄市,○○企業社,高雄市仁武區工業二路,竹園段1135-8地號,,,已停工,是,
2021-12-01,(109年)地方政府優先查處之疑似新增未登記工廠情形,94,高雄市,○○工程有限公司,高雄市仁武區公館一巷,觀音湖段1248-13地號,,,已歇業,,
2022-01-04,經濟部專案檢送109及110年違反非都市土地使用管制案件查處情形表(截至110年12月19日),41,高雄市,,,路竹區新園段3392地號,特定農業區,農牧用地,"裁處罰鍰                  已停止供水供電",,
2022-01-04,經濟部專案檢送109及110年違反非都市土地使用管制案件查處情形表(截至110年12月19日),42,高雄市,,,路竹區新園段3393地號,特定農業區,農牧用地,"裁處罰鍰                  已停止供水供電",,
2022-01-04,經濟部專案檢送109及110年違反非都市土地使用管制案件查處情形表(截至110年12月19日),43,高雄市,,,岡山區拕子段1057-5、1058-1、1058-3、1058-4地號,一般農業區,農牧用地,"裁處罰鍰                   依工廠管理輔導法規定申請納管審核中",,
2022-01-04,經濟部專案檢送109及110年違反非都市土地使用管制案件查處情形表(截至110年12月19日),139,高雄市,,,梓官區新興段698、699地號,一般農業區,農牧用地,依工廠管理輔導法規定核准納管,,
2022-01-04,經濟部專案檢送109及110年違反非都市土地使用管制案件查處情形表(截至110年12月19日),242,高雄市,,,岡山區嘉興段2083地號,特定農業區,農牧用地,"裁處罰鍰                  已停止供水供電",,
2022-01-04,經濟部專案檢送109及110年違反非都市土地使用管制案件查處情形表(截至110年12月19日),297,高雄市,,,湖內區圍子內段4162地號,一般農業區,農牧用地,裁處罰鍰,,
2022-01-04,經濟部專案檢送109及110年違反非都市土地使用管制案件查處情形表(截至110年12月19日),321,高雄市,,,阿蓮區阿蓮段2856地號,特定農業區,農牧用地,依工廠管理輔導法規定申請納管審核中,,
2022-01-04,經濟部專案檢送109年及110年違反都市計畫土地使用管制裁處情形表（截至110.12.19）,31,高雄市,,,大寮區磚子磘段2079地號,農業區,,裁處罰鍰,,
2022-01-04,(109年)地方政府優先查處之疑似新增未登記工廠情形,40,高雄市,○○展業有限公司,高雄市岡山區嘉興路,岡山區嘉興段2083地號(部分使用),,,已歇業,是,
2022-01-04,(109年)地方政府優先查處之疑似新增未登記工廠情形,91,高雄市,○○豐企業有限公司,高雄市大寮區興中街,山子頂段2227、2227-1地號,,,勒令停工,是,
2022-01-04,(109年)地方政府優先查處之疑似新增未登記工廠情形,92,高雄市,○○企業社,高雄市仁武區工業二路,竹園段1135-8地號,,,已停工,是,
2022-01-04,(109年)地方政府優先查處之疑似新增未登記工廠情形,93,高雄市,○○工程有限公司,高雄市仁武區公館一巷無門牌,觀音湖段1248-13地號,,,已歇業,,
2022-02-09,經濟部專案檢送109年及110年違反都市計畫土地使用管制裁處情形表（截至111.1.22）,36,高雄市,,,大寮區磚子磘段2079地號,農業區,,裁處罰鍰,,
2022-02-09,經濟部專案檢送109及110年違反非都市土地使用管制案件查處情形表(截至111年1月22日),41,高雄市,,,路竹區新園段3392地號,特定農業區,農牧用地,"裁處罰鍰                  已停止供水供電",,
2022-02-09,經濟部專案檢送109及110年違反非都市土地使用管制案件查處情形表(截至111年1月22日),42,高雄市,,,路竹區新園段3393地號,特定農業區,農牧用地,"裁處罰鍰                  已停止供水供電",,
2022-02-09,經濟部專案檢送109及110年違反非都市土地使用管制案件查處情形表(截至111年1月22日),43,高雄市,,,岡山區拕子段1057-5、1058-1、1058-3、1058-4地號,一般農業區,農牧用地,"裁處罰鍰                   依工廠管理輔導法規定申請納管審核中",,
2022-02-09,經濟部專案檢送109及110年違反非都市土地使用管制案件查處情形表(截至111年1月22日),139,高雄市,,,梓官區新興段698、699地號,一般農業區,農牧用地,依工廠管理輔導法規定核准納管,,
2022-02-09,經濟部專案檢送109及110年違反非都市土地使用管制案件查處情形表(截至111年1月22日),242,高雄市,,,岡山區嘉興段2083地號,特定農業區,農牧用地,"裁處罰鍰                  已停止供水供電",,
2022-02-09,經濟部專案檢送109及110年違反非都市土地使用管制案件查處情形表(截至111年1月22日),243,高雄市,,,岡山區嘉興段2083地號,特定農業區,農牧用地,"裁處罰鍰                  已停止供水供電",,
2022-02-09,經濟部專案檢送109及110年違反非都市土地使用管制案件查處情形表(截至111年1月22日),300,高雄市,,,湖內區圍子內段4162地號,一般農業區,農牧用地,"裁處罰鍰                  已停止供水供電",,
2022-02-09,經濟部專案檢送109及110年違反非都市土地使用管制案件查處情形表(截至111年1月22日),309,高雄市,,,阿蓮區阿蓮段2856地號,特定農業區,農牧用地,依工廠管理輔導法規定申請納管審核中,,
2022-02-09,經濟部專案檢送109及110年違反非都市土地使用管制案件查處情形表(截至111年1月22日),330,高雄市,,,鳥松區松埔段854地號,特定農業區,農牧用地,依工廠管理輔導法規定申請納管審核中,,
2022-02-09,經濟部專案檢送109及110年違反非都市土地使用管制案件查處情形表(截至111年1月22日),340,高雄市,,,阿蓮區青安段413地號,特定農業區,農牧用地,裁處罰鍰,,
2022-02-09,(109年)地方政府優先查處之疑似新增未登記工廠情形,40,高雄市,○○展業有限公司,高雄市岡山區嘉興路,岡山區嘉興段2083地號(部分使用),,,已歇業,是,
2022-02-09,(109年)地方政府優先查處之疑似新增未登記工廠情形,91,高雄市,○○企業社,高雄市仁武區工業二路,竹園段1135-8地號,,,已停工,是,
2022-02-09,(109年)地方政府優先查處之疑似新增未登記工廠情形,92,高雄市,○○工程有限公司,高雄市仁武區公館一巷無門牌,觀音湖段1248-13地號,,,已歇業,,
2022-03-10,經濟部專案檢送109年及110年違反都市計畫土地使用管制查處情形表（截至110.2.20）,36,高雄市,,,大寮區磚子磘段2079地號,農業區,,裁處罰鍰,,
2022-03-10,經濟部專案檢送109及110年度違反非都市土地使用管制案件查處情形表(截至111年2月20日),41,高雄市,,,路竹區新園段3392地號,特定農業區,農牧用地,"裁處罰鍰                  已停止供水供電",,
2022-03-10,經濟部專案檢送109及110年度違反非都市土地使用管制案件查處情形表(截至111年2月20日),42,高雄市,,,路竹區新園段3393地號,特定農業區,農牧用地,"裁處罰鍰                  已停止供水供電",,
2022-03-10,經濟部專案檢送109及110年度違反非都市土地使用管制案件查處情形表(截至111年2月20日),43,高雄市,,,岡山區拕子段1057-5、1058-1、1058-3、1058-4地號,一般農業區,農牧用地,"裁處罰鍰                   依工廠管理輔導法規定申請納管審核中",,
2022-03-10,經濟部專案檢送109及110年度違反非都市土地使用管制案件查處情形表(截至111年2月20日),139,高雄市,,,梓官區新興段698、699地號,一般農業區,農牧用地,依工廠管理輔導法規定核准納管,,
2022-03-10,經濟部專案檢送109及110年度違反非都市土地使用管制案件查處情形表(截至111年2月20日),243,高雄市,,,岡山區嘉興段2083地號,特定農業區,農牧用地,"裁處罰鍰                  已停止供水供電",,
2022-03-10,經濟部專案檢送109及110年度違反非都市土地使用管制案件查處情形表(截至111年2月20日),244,高雄市,,,岡山區嘉興段2083地號,特定農業區,農牧用地,"裁處罰鍰                  已停止供水供電",,
2022-03-10,經濟部專案檢送109及110年度違反非都市土地使用管制案件查處情形表(截至111年2月20日),302,高雄市,,,湖內區圍子內段4162地號,一般農業區,農牧用地,"裁處罰鍰                  已停止供水供電",,
2022-03-10,經濟部專案檢送109及110年度違反非都市土地使用管制案件查處情形表(截至111年2月20日),311,高雄市,,,阿蓮區阿蓮段2856地號,特定農業區,農牧用地,依工廠管理輔導法規定申請納管審核中,,
2022-03-10,經濟部專案檢送109及110年度違反非都市土地使用管制案件查處情形表(截至111年2月20日),340,高雄市,,,阿蓮區青安段413地號,特定農業區,農牧用地,裁處罰鍰,,
2022-03-10,(109年)地方政府優先查處之疑似新增未登記工廠情形,40,高雄市,○○展業有限公司,高雄市岡山區嘉興路,岡山區嘉興段2083地號(部分使用),,,已歇業,是,
2022-03-10,(109年)地方政府優先查處之疑似新增未登記工廠情形,90,高雄市,○○企業社,高雄市仁武區工業二路,竹園段1135-8地號,,,已停工,是,
2022-03-10,(109年)地方政府優先查處之疑似新增未登記工廠情形,91,高雄市,○○工程有限公司,高雄市仁武區公館一巷無門牌,觀音湖段1248-13地號,,,已歇業,,
2022-04-06,經濟部專案檢送109及110年違反非都市土地使用管制案件查處情形表(截至111年3月20日),41,高雄市,,,路竹區新園段3392地號,特定農業區,農牧用地,"裁處罰鍰                  已停止供水供電",,
2022-04-06,經濟部專案檢送109及110年違反非都市土地使用管制案件查處情形表(截至111年3月20日),42,高雄市,,,路竹區新園段3393地號,特定農業區,農牧用地,"裁處罰鍰                  已停止供水供電",,
2022-04-06,經濟部專案檢送109及110年違反非都市土地使用管制案件查處情形表(截至111年3月20日),43,高雄市,,,岡山區拕子段1057-5、1058-1、1058-3、1058-4地號,一般農業區,農牧用地,"裁處罰鍰                   依工廠管理輔導法規定申請納管審核中",,
2022-04-06,經濟部專案檢送109及110年違反非都市土地使用管制案件查處情形表(截至111年3月20日),139,高雄市,,,梓官區新興段698、699地號,一般農業區,農牧用地,依工廠管理輔導法規定核准納管,,
2022-04-06,經濟部專案檢送109及110年違反非都市土地使用管制案件查處情形表(截至111年3月20日),242,高雄市,,,岡山區嘉興段2083地號,特定農業區,農牧用地,"裁處罰鍰                  已停止供水供電",,
2022-04-06,經濟部專案檢送109及110年違反非都市土地使用管制案件查處情形表(截至111年3月20日),243,高雄市,,,岡山區嘉興段2083地號,特定農業區,農牧用地,"裁處罰鍰                  已停止供水供電",,
2022-04-06,經濟部專案檢送109及110年違反非都市土地使用管制案件查處情形表(截至111年3月20日),300,高雄市,,,湖內區圍子內段4162地號,一般農業區,農牧用地,"裁處罰鍰                  已停止供水供電",,
2022-04-06,經濟部專案檢送109及110年違反非都市土地使用管制案件查處情形表(截至111年3月20日),333,高雄市,,,鳥松區松埔段854地號,特定農業區,農牧用地,裁處罰鍰,,
2022-04-06,經濟部專案檢送109及110年違反非都市土地使用管制案件查處情形表(截至111年3月20日),343,高雄市,,,阿蓮區青安段413地號,特定農業區,農牧用地,裁處罰鍰,,
2022-04-06,經濟部專案檢送109年及110年違反都市計畫土地使用管制查處情形表（截至111.3.20）,38,高雄市,,,大寮區磚子磘段2079地號,農業區,,裁處罰鍰,,
2022-05-04,經濟部專案檢送109年及110年違反都市計畫土地使用管制查處情形表（截至111.4.24）,38,高雄市,,,大寮區磚子磘段2079地號,農業區,,裁處罰鍰,,
2022-05-04,經濟部專案檢送109年及110年違反都市計畫土地使用管制查處情形表（截至111.4.24）,39,高雄市,,,鳥松區大腳腿段1297-7地號,農業區,,裁處罰鍰,,
2022-05-04,經濟部專案檢送109年及110年違反都市計畫土地使用管制查處情形表（截至111.4.24）,40,高雄市,,,鳥松區大腳腿段1297-6地號,農業區,,裁處罰鍰,,
2022-05-04,經濟部專案檢送109及110年違反非都市土地使用管制案件查處情形表(截至111年4月24日),41,高雄市,,,路竹區新園段3392地號,特定農業區,農牧用地,"裁處罰鍰                  已停止供水供電",,
2022-05-04,經濟部專案檢送109及110年違反非都市土地使用管制案件查處情形表(截至111年4月24日),42,高雄市,,,路竹區新園段3393地號,特定農業區,農牧用地,"裁處罰鍰                  已停止供水供電",,
2022-05-04,經濟部專案檢送109及110年違反非都市土地使用管制案件查處情形表(截至111年4月24日),43,高雄市,,,岡山區拕子段1057-5、1058-1、1058-3、1058-4地號,一般農業區,農牧用地,"裁處罰鍰                   依工廠管理輔導法規定申請納管審核中",,
2022-05-04,經濟部專案檢送109及110年違反非都市土地使用管制案件查處情形表(截至111年4月24日),139,高雄市,,,梓官區新興段698、699地號,一般農業區,農牧用地,依工廠管理輔導法規定核准納管,,
2022-05-04,經濟部專案檢送109及110年違反非都市土地使用管制案件查處情形表(截至111年4月24日),242,高雄市,,,岡山區嘉興段2083地號,特定農業區,農牧用地,"裁處罰鍰                  已停止供水供電",,
2022-05-04,經濟部專案檢送109及110年違反非都市土地使用管制案件查處情形表(截至111年4月24日),243,高雄市,,,岡山區嘉興段2083地號,特定農業區,農牧用地,"裁處罰鍰                  已停止供水供電",,
2022-05-04,經濟部專案檢送109及110年違反非都市土地使用管制案件查處情形表(截至111年4月24日),300,高雄市,,,湖內區圍子內段4162地號,一般農業區,農牧用地,"裁處罰鍰                  已停止供水供電",,
2022-05-04,經濟部專案檢送109及110年違反非都市土地使用管制案件查處情形表(截至111年4月24日),301,高雄市,,,阿蓮區阿蓮段2856地號,特定農業區,農牧用地,依工廠管理輔導法規定申請納管審核中,,
2022-05-04,經濟部專案檢送109及110年違反非都市土地使用管制案件查處情形表(截至111年4月24日),335,高雄市,,,鳥松區松埔段854地號,特定農業區,農牧用地,裁處罰鍰,,
2022-05-04,經濟部專案檢送109及110年違反非都市土地使用管制案件查處情形表(截至111年4月24日),345,高雄市,,,阿蓮區青安段413地號,特定農業區,農牧用地,裁處罰鍰,,
2022-06-06,經濟部專案檢送109及110年違反非都市土地使用管制案件查處情形表(截至111年5月22日),41,高雄市,,,路竹區新園段3392地號,特定農業區,農牧用地,"裁處罰鍰                  已停止供水供電",,
2022-06-06,經濟部專案檢送109及110年違反非都市土地使用管制案件查處情形表(截至111年5月22日),42,高雄市,,,路竹區新園段3393地號,特定農業區,農牧用地,"裁處罰鍰                  已停止供水供電",,
2022-06-06,經濟部專案檢送109及110年違反非都市土地使用管制案件查處情形表(截至111年5月22日),43,高雄市,,,岡山區拕子段1057-5、1058-1、1058-3、1058-4地號,一般農業區,農牧用地,"裁處罰鍰                   依工廠管理輔導法規定申請納管審核中",,
2022-06-06,經濟部專案檢送109及110年違反非都市土地使用管制案件查處情形表(截至111年5月22日),139,高雄市,,,梓官區新興段698、699地號,一般農業區,農牧用地,依工廠管理輔導法規定核准納管,,
2022-06-06,經濟部專案檢送109及110年違反非都市土地使用管制案件查處情形表(截至111年5月22日),242,高雄市,,,岡山區嘉興段2083地號,特定農業區,農牧用地,"裁處罰鍰                  已停止供水供電",,
2022-06-06,經濟部專案檢送109及110年違反非都市土地使用管制案件查處情形表(截至111年5月22日),243,高雄市,,,岡山區嘉興段2083地號,特定農業區,農牧用地,"裁處罰鍰                  已停止供水供電",,
2022-06-06,經濟部專案檢送109及110年違反非都市土地使用管制案件查處情形表(截至111年5月22日),300,高雄市,,,湖內區圍子內段4162地號,一般農業區,農牧用地,"裁處罰鍰                  已停止供水供電",,
2022-06-06,經濟部專案檢送109及110年違反非都市土地使用管制案件查處情形表(截至111年5月22日),301,高雄市,,,阿蓮區阿蓮段2856地號,特定農業區,農牧用地,依工廠管理輔導法規定申請納管審核中,,
2022-06-06,經濟部專案檢送109及110年違反非都市土地使用管制案件查處情形表(截至111年5月22日),335,高雄市,,,鳥松區松埔段854地號,特定農業區,農牧用地,裁處罰鍰,,
2022-06-06,經濟部專案檢送109及110年違反非都市土地使用管制案件查處情形表(截至111年5月22日),345,高雄市,,,阿蓮區青安段413地號,特定農業區,農牧用地,裁處罰鍰,,
2022-06-06,經濟部專案檢送109年及110年違反都市計畫土地使用管制查處情形表（截至111.5.22）,39,高雄市,,,大寮區磚子磘段2079地號,農業區,,裁處罰鍰,,
2022-06-06,經濟部專案檢送109年及110年違反都市計畫土地使用管制查處情形表（截至111.5.22）,40,高雄市,,,大寮區山子頂段4142-3、4142-4、4142-5地號,農業區,,裁處罰鍰,,
2022-06-06,經濟部專案檢送109年及110年違反都市計畫土地使用管制查處情形表（截至111.5.22）,41,高雄市,,,大樹區維新段33-37地號,農業區,,裁處罰鍰,,
2022-06-06,經濟部專案檢送109年及110年違反都市計畫土地使用管制查處情形表（截至111.5.22）,42,高雄市,,,鳥松區大腳腿段1297-7地號,農業區,,裁處罰鍰,,
2022-06-06,經濟部專案檢送109年及110年違反都市計畫土地使用管制查處情形表（截至111.5.22）,43,高雄市,,,鳥松區大腳腿段1297-6地號,農業區,,裁處罰鍰,,
2022-07-05,經濟部專案檢送109及110年違反非都市土地使用管制案件查處情形表(截至111年6月27日),41,高雄市,,,路竹區新園段3392地號,特定農業區,農牧用地,"裁處罰鍰                  已停止供水供電",,
2022-07-05,經濟部專案檢送109及110年違反非都市土地使用管制案件查處情形表(截至111年6月27日),42,高雄市,,,路竹區新園段3393地號,特定農業區,農牧用地,"裁處罰鍰                  已停止供水供電",,
2022-07-05,經濟部專案檢送109及110年違反非都市土地使用管制案件查處情形表(截至111年6月27日),43,高雄市,,,岡山區拕子段1057-5、1058-1、1058-3、1058-4地號,一般農業區,農牧用地,"裁處罰鍰                   依工廠管理輔導法規定申請納管審核中",,
2022-07-05,經濟部專案檢送109及110年違反非都市土地使用管制案件查處情形表(截至111年6月27日),139,高雄市,,,梓官區新興段698、699地號,一般農業區,農牧用地,依工廠管理輔導法規定核准納管,,
2022-07-05,經濟部專案檢送109及110年違反非都市土地使用管制案件查處情形表(截至111年6月27日),242,高雄市,,,岡山區嘉興段2083地號,特定農業區,農牧用地,"裁處罰鍰                  已停止供水供電",,
2022-07-05,經濟部專案檢送109及110年違反非都市土地使用管制案件查處情形表(截至111年6月27日),243,高雄市,,,岡山區嘉興段2083地號,特定農業區,農牧用地,"裁處罰鍰                  已停止供水供電",,
2022-07-05,經濟部專案檢送109及110年違反非都市土地使用管制案件查處情形表(截至111年6月27日),300,高雄市,,,湖內區圍子內段4162地號,一般農業區,農牧用地,"裁處罰鍰                  已停止供水供電",,
2022-07-05,經濟部專案檢送109及110年違反非都市土地使用管制案件查處情形表(截至111年6月27日),301,高雄市,,,阿蓮區阿蓮段2856地號,特定農業區,農牧用地,依工廠管理輔導法規定申請納管審核中,,
2022-07-05,經濟部專案檢送109及110年違反非都市土地使用管制案件查處情形表(截至111年6月27日),335,高雄市,,,鳥松區松埔段854地號,特定農業區,農牧用地,"裁處罰鍰                  已停止供水供電",,
2022-07-05,經濟部專案檢送109及110年違反非都市土地使用管制案件查處情形表(截至111年6月27日),345,高雄市,,,阿蓮區青安段413地號,特定農業區,農牧用地,裁處罰鍰,,
2022-07-05,經濟部專案檢送109年及110年違反都市計畫土地使用管制查處情形表（截至111.6.27）,40,高雄市,,,大寮區磚子磘段2079地號,農業區,,裁處罰鍰,,
2022-07-05,經濟部專案檢送109年及110年違反都市計畫土地使用管制查處情形表（截至111.6.27）,41,高雄市,,,大寮區山子頂段4142-3、4142-4、4142-5地號,農業區,,裁處罰鍰,,
2022-07-05,經濟部專案檢送109年及110年違反都市計畫土地使用管制查處情形表（截至111.6.27）,42,高雄市,,,大樹區維新段33-37地號,農業區,,裁處罰鍰,,
2022-07-05,經濟部專案檢送109年及110年違反都市計畫土地使用管制查處情形表（截至111.6.27）,43,高雄市,,,鳥松區大腳腿段1297-7地號,農業區,,裁處罰鍰,,
2022-07-05,經濟部專案檢送109年及110年違反都市計畫土地使用管制查處情形表（截至111.6.27）,44,高雄市,,,鳥松區大腳腿段1297-6地號,農業區,,裁處罰鍰,,
2022-08-03,經濟部專案檢送109及110年違反非都市土地使用管制案件查處情形表(截至111年7月24日),41,高雄市,,,路竹區新園段3392地號,特定農業區,農牧用地,"裁處罰鍰                  已停止供水供電",,
2022-08-03,經濟部專案檢送109及110年違反非都市土地使用管制案件查處情形表(截至111年7月24日),42,高雄市,,,路竹區新園段3393地號,特定農業區,農牧用地,"裁處罰鍰                  已停止供水供電",,
2022-08-03,經濟部專案檢送109及110年違反非都市土地使用管制案件查處情形表(截至111年7月24日),43,高雄市,,,岡山區拕子段1057-5、1058-1、1058-3、1058-4地號,一般農業區,農牧用地,"裁處罰鍰                   依工廠管理輔導法規定申請納管審核中",,
2022-08-03,經濟部專案檢送109及110年違反非都市土地使用管制案件查處情形表(截至111年7月24日),139,高雄市,,,梓官區新興段698、699地號,一般農業區,農牧用地,依工廠管理輔導法規定核准納管,,
2022-08-03,經濟部專案檢送109及110年違反非都市土地使用管制案件查處情形表(截至111年7月24日),243,高雄市,,,岡山區嘉興段2083地號,特定農業區,農牧用地,"裁處罰鍰                  已停止供水供電",,
2022-08-03,經濟部專案檢送109及110年違反非都市土地使用管制案件查處情形表(截至111年7月24日),244,高雄市,,,岡山區嘉興段2083地號,特定農業區,農牧用地,"裁處罰鍰                  已停止供水供電",,
2022-08-03,經濟部專案檢送109及110年違反非都市土地使用管制案件查處情形表(截至111年7月24日),303,高雄市,,,湖內區圍子內段4162地號,一般農業區,農牧用地,"裁處罰鍰                  已停止供水供電",,
2022-08-03,經濟部專案檢送109及110年違反非都市土地使用管制案件查處情形表(截至111年7月24日),304,高雄市,,,阿蓮區阿蓮段2856地號,特定農業區,農牧用地,依工廠管理輔導法規定申請納管審核中,,
2022-08-03,經濟部專案檢送109及110年違反非都市土地使用管制案件查處情形表(截至111年7月24日),342,高雄市,,,鳥松區松埔段854地號,特定農業區,農牧用地,"裁處罰鍰                  已停止供水供電",,
2022-08-03,經濟部專案檢送109及110年違反非都市土地使用管制案件查處情形表(截至111年7月24日),351,高雄市,,,阿蓮區青安段413地號,特定農業區,農牧用地,裁處罰鍰,,
2022-08-03,經濟部專案檢送109年及110年違反都市計畫土地使用管制查處情形表（截至111.7.24）,42,高雄市,,,大寮區磚子磘段2079地號,農業區,,裁處罰鍰,,
2022-08-03,經濟部專案檢送109年及110年違反都市計畫土地使用管制查處情形表（截至111.7.24）,43,高雄市,,,大寮區山子頂段4142-3、4142-4、4142-5地號,農業區,,裁處罰鍰,,
2022-08-03,經濟部專案檢送109年及110年違反都市計畫土地使用管制查處情形表（截至111.7.24）,44,高雄市,,,大樹區維新段33-37地號,農業區,,裁處罰鍰,,
2022-08-03,經濟部專案檢送109年及110年違反都市計畫土地使用管制查處情形表（截至111.7.24）,45,高雄市,,,鳥松區大腳腿段1297-7地號,農業區,,裁處罰鍰,,
2022-08-03,經濟部專案檢送109年及110年違反都市計畫土地使用管制查處情形表（截至111.7.24）,46,高雄市,,,鳥松區大腳腿段1297-6地號,農業區,,裁處罰鍰,,
2022-09-01,經濟部專案檢送109及110年違反非都市土地使用管制案件查處情形表(截至111年8月22日),41,高雄市,,,路竹區新園段3392地號,特定農業區,農牧用地,"裁處罰鍰                  已停止供水供電",,
2022-09-01,經濟部專案檢送109及110年違反非都市土地使用管制案件查處情形表(截至111年8月22日),42,高雄市,,,路竹區新園段3393地號,特定農業區,農牧用地,"裁處罰鍰                  已停止供水供電",,
2022-09-01,經濟部專案檢送109及110年違反非都市土地使用管制案件查處情形表(截至111年8月22日),43,高雄市,,,岡山區拕子段1057-5、1058-1、1058-3、1058-4地號,一般農業區,農牧用地,"裁處罰鍰                   依工廠管理輔導法規定申請納管審核中",,
2022-09-01,經濟部專案檢送109及110年違反非都市土地使用管制案件查處情形表(截至111年8月22日),139,高雄市,,,梓官區新興段698、699地號,一般農業區,農牧用地,依工廠管理輔導法規定核准納管,,
2022-09-01,經濟部專案檢送109及110年違反非都市土地使用管制案件查處情形表(截至111年8月22日),243,高雄市,,,岡山區嘉興段2083地號,特定農業區,農牧用地,"裁處罰鍰                  已停止供水供電",,
2022-09-01,經濟部專案檢送109及110年違反非都市土地使用管制案件查處情形表(截至111年8月22日),244,高雄市,,,岡山區嘉興段2083地號,特定農業區,農牧用地,"裁處罰鍰                  已停止供水供電",,
2022-09-01,經濟部專案檢送109及110年違反非都市土地使用管制案件查處情形表(截至111年8月22日),303,高雄市,,,湖內區圍子內段4162地號,一般農業區,農牧用地,"裁處罰鍰                  已停止供水供電",,
2022-09-01,經濟部專案檢送109及110年違反非都市土地使用管制案件查處情形表(截至111年8月22日),304,高雄市,,,岡山區台安段259地號,一般農業區,農牧用地,依工廠管理輔導法規定申請納管審核中,,
2022-09-01,經濟部專案檢送109及110年違反非都市土地使用管制案件查處情形表(截至111年8月22日),305,高雄市,,,阿蓮區阿蓮段2856地號,特定農業區,農牧用地,依工廠管理輔導法規定申請納管審核中,,
2022-09-01,經濟部專案檢送109及110年違反非都市土地使用管制案件查處情形表(截至111年8月22日),343,高雄市,,,鳥松區松埔段854地號,特定農業區,農牧用地,"裁處罰鍰                  已停止供水供電",,
2022-09-01,經濟部專案檢送109及110年違反非都市土地使用管制案件查處情形表(截至111年8月22日),352,高雄市,,,阿蓮區青安段413地號,特定農業區,農牧用地,裁處罰鍰,,
2022-09-01,經濟部專案檢送109及110年違反非都市土地使用管制案件查處情形表(截至111年8月22日),353,高雄市,,,岡山區嘉潭段147地號,特定農業區,交通用地,裁處罰鍰,,
2022-09-01,經濟部專案檢送109年及110年違反都市計畫土地使用管制裁罰情形（截至111.8.22）,43,高雄市,,,大寮區磚子磘段2079地號,農業區,,裁處罰鍰,,
2022-09-01,經濟部專案檢送109年及110年違反都市計畫土地使用管制裁罰情形（截至111.8.22）,44,高雄市,,,大寮區山子頂段4142-3、4142-4、4142-5地號,農業區,,裁處罰鍰,,
2022-09-01,經濟部專案檢送109年及110年違反都市計畫土地使用管制裁罰情形（截至111.8.22）,45,高雄市,,,大樹區維新段33-37地號,農業區,,裁處罰鍰,,
2022-09-01,經濟部專案檢送109年及110年違反都市計畫土地使用管制裁罰情形（截至111.8.22）,46,高雄市,,,鳥松區大腳腿段1297-7地號,農業區,,裁處罰鍰,,
2022-09-01,經濟部專案檢送109年及110年違反都市計畫土地使用管制裁罰情形（截至111.8.22）,47,高雄市,,,鳥松區大腳腿段1297-6地號,農業區,,裁處罰鍰,,
2022-10-04,經濟部專案檢送109及110年違反非都市土地使用管制案件查處情形表(截至111年9月25日),41,高雄市,,,路竹區新園段3392地號,特定農業區,農牧用地,"裁處罰鍰                  已停止供水供電",,
2022-10-04,經濟部專案檢送109及110年違反非都市土地使用管制案件查處情形表(截至111年9月25日),42,高雄市,,,路竹區新園段3393地號,特定農業區,農牧用地,"裁處罰鍰                  已停止供水供電",,
2022-10-04,經濟部專案檢送109及110年違反非都市土地使用管制案件查處情形表(截至111年9月25日),43,高雄市,,,岡山區拕子段1057-5、1058-1、1058-3、1058-4地號,一般農業區,農牧用地,"裁處罰鍰                   依工廠管理輔導法規定申請納管審核中",,
2022-10-04,經濟部專案檢送109及110年違反非都市土地使用管制案件查處情形表(截至111年9月25日),139,高雄市,,,梓官區新興段698、699地號,一般農業區,農牧用地,依工廠管理輔導法規定核准納管,,
2022-10-04,經濟部專案檢送109及110年違反非都市土地使用管制案件查處情形表(截至111年9月25日),243,高雄市,,,岡山區嘉興段2083地號,特定農業區,農牧用地,"裁處罰鍰                  已停止供水供電",,
2022-10-04,經濟部專案檢送109及110年違反非都市土地使用管制案件查處情形表(截至111年9月25日),244,高雄市,,,岡山區嘉興段2083地號,特定農業區,農牧用地,"裁處罰鍰                  已停止供水供電",,
2022-10-04,經濟部專案檢送109及110年違反非都市土地使用管制案件查處情形表(截至111年9月25日),303,高雄市,,,湖內區圍子內段4162地號,一般農業區,農牧用地,"裁處罰鍰                  已停止供水供電",,
2022-10-04,經濟部專案檢送109及110年違反非都市土地使用管制案件查處情形表(截至111年9月25日),304,高雄市,,,岡山區台安段259地號,一般農業區,農牧用地,依工廠管理輔導法規定申請納管審核中,,
2022-10-04,經濟部專案檢送109及110年違反非都市土地使用管制案件查處情形表(截至111年9月25日),305,高雄市,,,阿蓮區阿蓮段2856地號,特定農業區,農牧用地,依工廠管理輔導法規定申請納管審核中,,
2022-10-04,經濟部專案檢送109及110年違反非都市土地使用管制案件查處情形表(截至111年9月25日),343,高雄市,,,鳥松區松埔段854地號,特定農業區,農牧用地,"裁處罰鍰                  已停止供水供電",,
2022-10-04,經濟部專案檢送109及110年違反非都市土地使用管制案件查處情形表(截至111年9月25日),352,高雄市,,,阿蓮區青安段413地號,特定農業區,農牧用地,裁處罰鍰,,
2022-10-04,經濟部專案檢送109及110年違反非都市土地使用管制案件查處情形表(截至111年9月25日),353,高雄市,,,岡山區嘉潭段147地號,特定農業區,交通用地,裁處罰鍰,,
2022-10-04,經濟部專案檢送109年及110年違反都市計畫土地使用管制查處情形表（截至111.9.25）,45,高雄市,,,大寮區磚子磘段2079地號,農業區,,裁處罰鍰,,
2022-10-04,經濟部專案檢送109年及110年違反都市計畫土地使用管制查處情形表（截至111.9.25）,46,高雄市,,,大寮區山子頂段4142-3、4142-4、4142-5地號,農業區,,裁處罰鍰,,
2022-10-04,經濟部專案檢送109年及110年違反都市計畫土地使用管制查處情形表（截至111.9.25）,47,高雄市,,,大樹區維新段33-37地號,農業區,,裁處罰鍰,,
2022-10-04,經濟部專案檢送109年及110年違反都市計畫土地使用管制查處情形表（截至111.9.25）,48,高雄市,,,鳥松區大腳腿段1297-7地號,農業區,,裁處罰鍰,,
2022-10-04,經濟部專案檢送109年及110年違反都市計畫土地使用管制查處情形表（截至111.9.25）,49,高雄市,,,鳥松區大腳腿段1297-6地號,農業區,,裁處罰鍰,,
2022-12-02,經濟部專案檢送109及110年度違反非都市土地使用管制案件查處情形表(截至111年11月27日),41,高雄市,,,路竹區新園段3392地號,特定農業區,農牧用地,"裁處罰鍰                  已停止供水供電",,
2022-12-02,經濟部專案檢送109及110年度違反非都市土地使用管制案件查處情形表(截至111年11月27日),42,高雄市,,,路竹區新園段3393地號,特定農業區,農牧用地,"裁處罰鍰                  已停止供水供電",,
2022-12-02,經濟部專案檢送109及110年度違反非都市土地使用管制案件查處情形表(截至111年11月27日),43,高雄市,,,岡山區拕子段1057-5、1058-1、1058-3、1058-4地號,一般農業區,農牧用地,"裁處罰鍰                   依工廠管理輔導法規定申請納管審核中",,
2022-12-02,經濟部專案檢送109及110年度違反非都市土地使用管制案件查處情形表(截至111年11月27日),136,高雄市,,,梓官區新興段698、699地號,一般農業區,農牧用地,依工廠管理輔導法規定核准納管,,
2022-12-02,經濟部專案檢送109及110年度違反非都市土地使用管制案件查處情形表(截至111年11月27日),240,高雄市,,,岡山區嘉興段2083地號,特定農業區,農牧用地,"裁處罰鍰                  已停止供水供電",,
2022-12-02,經濟部專案檢送109及110年度違反非都市土地使用管制案件查處情形表(截至111年11月27日),241,高雄市,,,岡山區嘉興段2083地號,特定農業區,農牧用地,"裁處罰鍰                  已停止供水供電",,
2022-12-02,經濟部專案檢送109及110年度違反非都市土地使用管制案件查處情形表(截至111年11月27日),300,高雄市,,,湖內區圍子內段4162地號,一般農業區,農牧用地,"裁處罰鍰                  已停止供水供電",,
2022-12-02,經濟部專案檢送109及110年度違反非都市土地使用管制案件查處情形表(截至111年11月27日),301,高雄市,,,岡山區台安段259地號,一般農業區,農牧用地,依工廠管理輔導法規定申請納管審核中,,
2022-12-02,經濟部專案檢送109及110年度違反非都市土地使用管制案件查處情形表(截至111年11月27日),302,高雄市,,,阿蓮區阿蓮段2856地號,特定農業區,農牧用地,依工廠管理輔導法規定申請納管審核中,,
2022-12-02,經濟部專案檢送109及110年度違反非都市土地使用管制案件查處情形表(截至111年11月27日),340,高雄市,,,鳥松區松埔段854地號,特定農業區,農牧用地,"裁處罰鍰                  已停止供水供電",,
2022-12-02,經濟部專案檢送109及110年度違反非都市土地使用管制案件查處情形表(截至111年11月27日),349,高雄市,,,阿蓮區青安段413地號,特定農業區,農牧用地,裁處罰鍰,,
2022-12-02,經濟部專案檢送109及110年度違反非都市土地使用管制案件查處情形表(截至111年11月27日),350,高雄市,,,岡山區嘉潭段147地號,特定農業區,交通用地,裁處罰鍰,,
2022-12-02,經濟部專案檢送109及110年度違反非都市土地使用管制案件查處情形表(截至111年11月27日),351,高雄市,,,岡山區大華段781地號,特定農業區,農牧用地,裁處罰鍰,,
2022-12-02,經濟部專案檢送109年及110年違反都市計畫土地使用管制查處情形表（截至111.11.27）,48,高雄市,,,大寮區磚子磘段2079地號,農業區,,裁處罰鍰,,
2022-12-02,經濟部專案檢送109年及110年違反都市計畫土地使用管制查處情形表（截至111.11.27）,49,高雄市,,,大寮區山子頂段4142-3、4142-4、4142-5地號,農業區,,裁處罰鍰,,
2022-12-02,經濟部專案檢送109年及110年違反都市計畫土地使用管制查處情形表（截至111.11.27）,50,高雄市,,,大樹區維新段33-37地號,農業區,,裁處罰鍰,,
2022-12-02,經濟部專案檢送109年及110年違反都市計畫土地使用管制查處情形表（截至111.11.27）,51,高雄市,,,鳥松區大腳腿段1297-7地號,農業區,,裁處罰鍰,,
2022-12-02,經濟部專案檢送109年及110年違反都市計畫土地使用管制查處情形表（截至111.11.27）,52,高雄市,,,鳥松區大腳腿段1297-6地號,農業區,,裁處罰鍰,,
2023-01-05,經濟部專案檢送109及110年違反非都市土地使用管制案件查處情形表(截至111年12月26日),41,高雄市,,,路竹區新園段3392地號,特定農業區,農牧用地,"裁處罰鍰                  已停止供水供電",,
2023-01-05,經濟部專案檢送109及110年違反非都市土地使用管制案件查處情形表(截至111年12月26日),42,高雄市,,,路竹區新園段3393地號,特定農業區,農牧用地,"裁處罰鍰                  已停止供水供電",,
2023-01-05,經濟部專案檢送109及110年違反非都市土地使用管制案件查處情形表(截至111年12月26日),43,高雄市,,,岡山區拕子段1057-5、1058-1、1058-3、1058-4地號,一般農業區,農牧用地,"裁處罰鍰                   依工廠管理輔導法規定申請納管審核中",,
2023-01-05,經濟部專案檢送109及110年違反非都市土地使用管制案件查處情形表(截至111年12月26日),136,高雄市,,,梓官區新興段698、699地號,一般農業區,農牧用地,依工廠管理輔導法規定核准納管,,
2023-01-05,經濟部專案檢送109及110年違反非都市土地使用管制案件查處情形表(截至111年12月26日),240,高雄市,,,岡山區嘉興段2083地號,特定農業區,農牧用地,"裁處罰鍰                  已停止供水供電",,
2023-01-05,經濟部專案檢送109及110年違反非都市土地使用管制案件查處情形表(截至111年12月26日),241,高雄市,,,岡山區嘉興段2083地號,特定農業區,農牧用地,"裁處罰鍰                  已停止供水供電",,
2023-01-05,經濟部專案檢送109及110年違反非都市土地使用管制案件查處情形表(截至111年12月26日),300,高雄市,,,湖內區圍子內段4162地號,一般農業區,農牧用地,"裁處罰鍰                  已停止供水供電",,
2023-01-05,經濟部專案檢送109及110年違反非都市土地使用管制案件查處情形表(截至111年12月26日),301,高雄市,,,岡山區台安段259地號,一般農業區,農牧用地,依工廠管理輔導法規定申請納管審核中,,
2023-01-05,經濟部專案檢送109及110年違反非都市土地使用管制案件查處情形表(截至111年12月26日),302,高雄市,,,阿蓮區阿蓮段2856地號,特定農業區,農牧用地,依工廠管理輔導法規定申請納管審核中,,
2023-01-05,經濟部專案檢送109及110年違反非都市土地使用管制案件查處情形表(截至111年12月26日),340,高雄市,,,鳥松區松埔段854地號,特定農業區,農牧用地,"裁處罰鍰                  已停止供水供電",,
2023-01-05,經濟部專案檢送109及110年違反非都市土地使用管制案件查處情形表(截至111年12月26日),349,高雄市,,,阿蓮區青安段413地號,特定農業區,農牧用地,"裁處罰鍰                  已停止供水供電",,
2023-01-05,經濟部專案檢送109及110年違反非都市土地使用管制案件查處情形表(截至111年12月26日),350,高雄市,,,岡山區嘉潭段147地號,特定農業區,交通用地,裁處罰鍰,,
2023-01-05,經濟部專案檢送109及110年違反非都市土地使用管制案件查處情形表(截至111年12月26日),351,高雄市,,,岡山區大華段781地號,特定農業區,農牧用地,裁處罰鍰,,
2023-01-05,經濟部專案檢送109年及110年違反都市計畫土地使用管制查處情形表（截至111.12.26）,48,高雄市,,,大寮區磚子磘段2079地號,農業區,,裁處罰鍰,,
2023-01-05,經濟部專案檢送109年及110年違反都市計畫土地使用管制查處情形表（截至111.12.26）,49,高雄市,,,大寮區山子頂段4142-3、4142-4、4142-5地號,農業區,,裁處罰鍰,,
2023-01-05,經濟部專案檢送109年及110年違反都市計畫土地使用管制查處情形表（截至111.12.26）,50,高雄市,,,大樹區維新段33-37地號,農業區,,裁處罰鍰,,
2023-01-05,經濟部專案檢送109年及110年違反都市計畫土地使用管制查處情形表（截至111.12.26）,51,高雄市,,,鳥松區大腳腿段1297-7地號,農業區,,裁處罰鍰,,
2023-01-05,經濟部專案檢送109年及110年違反都市計畫土地使用管制查處情形表（截至111.12.26）,52,高雄市,,,鳥松區大腳腿段1297-6地號,農業區,,裁處罰鍰,,
2023-02-07,經濟部專案檢送109至111年違反非都市土地使用管制案件查處情形表(截至112年1月30日),41,高雄市,,,路竹區新園段3392地號,特定農業區,農牧用地,"裁處罰鍰                  已停止供水供電",,
2023-02-07,經濟部專案檢送109至111年違反非都市土地使用管制案件查處情形表(截至112年1月30日),42,高雄市,,,路竹區新園段3393地號,特定農業區,農牧用地,"裁處罰鍰                  已停止供水供電",,
2023-02-07,經濟部專案檢送109至111年違反非都市土地使用管制案件查處情形表(截至112年1月30日),43,高雄市,,,岡山區拕子段1057-5、1058-1、1058-3、1058-4地號,一般農業區,農牧用地,"裁處罰鍰                   依工廠管理輔導法規定申請納管審核中",,
2023-02-07,經濟部專案檢送109至111年違反非都市土地使用管制案件查處情形表(截至112年1月30日),136,高雄市,,,梓官區新興段698、699地號,一般農業區,農牧用地,依工廠管理輔導法規定核准納管,,
2023-02-07,經濟部專案檢送109至111年違反非都市土地使用管制案件查處情形表(截至112年1月30日),240,高雄市,,,岡山區嘉興段2083地號,特定農業區,農牧用地,"裁處罰鍰                  已停止供水供電",,
2023-02-07,經濟部專案檢送109至111年違反非都市土地使用管制案件查處情形表(截至112年1月30日),241,高雄市,,,岡山區嘉興段2083地號,特定農業區,農牧用地,"裁處罰鍰                  已停止供水供電",,
2023-02-07,經濟部專案檢送109至111年違反非都市土地使用管制案件查處情形表(截至112年1月30日),300,高雄市,,,湖內區圍子內段4162地號,一般農業區,農牧用地,"裁處罰鍰                  已停止供水供電",,
2023-02-07,經濟部專案檢送109至111年違反非都市土地使用管制案件查處情形表(截至112年1月30日),301,高雄市,,,岡山區台安段259地號,一般農業區,農牧用地,依工廠管理輔導法規定申請納管審核中,,
2023-02-07,經濟部專案檢送109至111年違反非都市土地使用管制案件查處情形表(截至112年1月30日),302,高雄市,,,阿蓮區阿蓮段2856地號,特定農業區,農牧用地,依工廠管理輔導法規定申請納管審核中,,
2023-02-07,經濟部專案檢送109至111年違反非都市土地使用管制案件查處情形表(截至112年1月30日),340,高雄市,,,鳥松區松埔段854地號,特定農業區,農牧用地,"裁處罰鍰                  已停止供水供電",,
2023-02-07,經濟部專案檢送109至111年違反非都市土地使用管制案件查處情形表(截至112年1月30日),349,高雄市,,,阿蓮區青安段413地號,特定農業區,農牧用地,"裁處罰鍰                  已停止供水供電",,
2023-02-07,經濟部專案檢送109至111年違反非都市土地使用管制案件查處情形表(截至112年1月30日),350,高雄市,,,岡山區嘉潭段147地號,特定農業區,交通用地,裁處罰鍰,,
2023-02-07,經濟部專案檢送109至111年違反非都市土地使用管制案件查處情形表(截至112年1月30日),351,高雄市,,,岡山區大華段781地號,特定農業區,農牧用地,裁處罰鍰,,
2023-02-07,經濟部專案檢送109至111年違反都市計畫土地使用管制查處情形表（截至112年1月30日）,62,高雄市,,,大寮區磚子磘段2079地號,農業區,,裁處罰鍰,,
2023-02-07,經濟部專案檢送109至111年違反都市計畫土地使用管制查處情形表（截至112年1月30日）,63,高雄市,,,大寮區山子頂段4142-3、4142-4、4142-5地號,農業區,,裁處罰鍰,,
2023-02-07,經濟部專案檢送109至111年違反都市計畫土地使用管制查處情形表（截至112年1月30日）,64,高雄市,,,大樹區維新段33-37地號,農業區,,裁處罰鍰,,
2023-02-07,經濟部專案檢送109至111年違反都市計畫土地使用管制查處情形表（截至112年1月30日）,65,高雄市,,,鳥松區大腳腿段1297-7地號,農業區,,裁處罰鍰,,
2023-02-07,經濟部專案檢送109至111年違反都市計畫土地使用管制查處情形表（截至112年1月30日）,66,高雄市,,,鳥松區大腳腿段1297-6地號,農業區,,裁處罰鍰,,
2023-03-13,經濟部專案檢送109至111年違反非都市土地使用管制案件查處情形表(截至112年2月28日),41,高雄市,,,路竹區新園段3392地號,特定農業區,農牧用地,"裁處罰鍰                  已停止供水供電",,
2023-03-13,經濟部專案檢送109至111年違反非都市土地使用管制案件查處情形表(截至112年2月28日),42,高雄市,,,路竹區新園段3393地號,特定農業區,農牧用地,"裁處罰鍰                  已停止供水供電",,
2023-03-13,經濟部專案檢送109至111年違反非都市土地使用管制案件查處情形表(截至112年2月28日),43,高雄市,,,岡山區拕子段1057-5、1058-1、1058-3、1058-4地號,一般農業區,農牧用地,"裁處罰鍰                   依工廠管理輔導法規定申請納管審核中",,
2023-03-13,經濟部專案檢送109至111年違反非都市土地使用管制案件查處情形表(截至112年2月28日),136,高雄市,,,梓官區新興段698、699地號,一般農業區,農牧用地,依工廠管理輔導法規定核准納管,,
2023-03-13,經濟部專案檢送109至111年違反非都市土地使用管制案件查處情形表(截至112年2月28日),240,高雄市,,,岡山區嘉興段2083地號,特定農業區,農牧用地,"裁處罰鍰                  已停止供水供電",,
2023-03-13,經濟部專案檢送109至111年違反非都市土地使用管制案件查處情形表(截至112年2月28日),241,高雄市,,,岡山區嘉興段2083地號,特定農業區,農牧用地,"裁處罰鍰                  已停止供水供電",,
2023-03-13,經濟部專案檢送109至111年違反非都市土地使用管制案件查處情形表(截至112年2月28日),300,高雄市,,,湖內區圍子內段4162地號,一般農業區,農牧用地,"裁處罰鍰                  已停止供水供電",,
2023-03-13,經濟部專案檢送109至111年違反非都市土地使用管制案件查處情形表(截至112年2月28日),301,高雄市,,,岡山區台安段259地號,一般農業區,農牧用地,依工廠管理輔導法規定申請納管審核中,,
2023-03-13,經濟部專案檢送109至111年違反非都市土地使用管制案件查處情形表(截至112年2月28日),302,高雄市,,,阿蓮區阿蓮段2856地號,特定農業區,農牧用地,依工廠管理輔導法規定申請納管審核中,,
2023-03-13,經濟部專案檢送109至111年違反非都市土地使用管制案件查處情形表(截至112年2月28日),340,高雄市,,,鳥松區松埔段854地號,特定農業區,農牧用地,"裁處罰鍰                  已停止供水供電",,
2023-03-13,經濟部專案檢送109至111年違反非都市土地使用管制案件查處情形表(截至112年2月28日),349,高雄市,,,阿蓮區青安段413地號,特定農業區,農牧用地,"裁處罰鍰                  已停止供水供電",,
2023-03-13,經濟部專案檢送109至111年違反非都市土地使用管制案件查處情形表(截至112年2月28日),350,高雄市,,,岡山區嘉潭段147地號,特定農業區,交通用地,裁處罰鍰,,
2023-03-13,經濟部專案檢送109至111年違反非都市土地使用管制案件查處情形表(截至112年2月28日),351,高雄市,,,岡山區大華段781地號,特定農業區,農牧用地,裁處罰鍰,,
2023-03-13,經濟部專案檢送109至111年違反非都市土地使用管制案件查處情形表(截至112年2月28日),580,高雄市,,,橋頭區白樹子段1368地號,特定農業區,農牧用地,裁處罰鍰,,
2023-03-13,經濟部專案檢送109年至111年違反都市計畫土地使用管制查處情形表（截至112年2月28日）,69,高雄市,,,大寮區磚子磘段2079地號,農業區,,裁處罰鍰,,
2023-03-13,經濟部專案檢送109年至111年違反都市計畫土地使用管制查處情形表（截至112年2月28日）,70,高雄市,,,大寮區山子頂段4142-3、4142-4、4142-5地號,農業區,,裁處罰鍰,,
2023-03-13,經濟部專案檢送109年至111年違反都市計畫土地使用管制查處情形表（截至112年2月28日）,71,高雄市,,,大樹區維新段33-37地號,農業區,,裁處罰鍰,,
2023-03-13,經濟部專案檢送109年至111年違反都市計畫土地使用管制查處情形表（截至112年2月28日）,72,高雄市,,,大寮區山子頂段2227、2227-1地號,農業區,,裁處罰鍰,,
2023-03-13,經濟部專案檢送109年至111年違反都市計畫土地使用管制查處情形表（截至112年2月28日）,73,高雄市,,,鳥松區大腳腿段1297-7地號,農業區,,裁處罰鍰,,
2023-03-13,經濟部專案檢送109年至111年違反都市計畫土地使用管制查處情形表（截至112年2月28日）,74,高雄市,,,鳥松區大腳腿段1297-6地號,農業區,,裁處罰鍰,,
2023-04-13,經濟部專案檢送109至111年違反非都市土地使用管制案件查處情形表(截至112年3月26日),41,高雄市,,,路竹區新園段3392地號,特定農業區,農牧用地,"裁處罰鍰                  已停止供水供電",,
2023-04-13,經濟部專案檢送109至111年違反非都市土地使用管制案件查處情形表(截至112年3月26日),42,高雄市,,,路竹區新園段3393地號,特定農業區,農牧用地,"裁處罰鍰                  已停止供水供電",,
2023-04-13,經濟部專案檢送109至111年違反非都市土地使用管制案件查處情形表(截至112年3月26日),43,高雄市,,,岡山區拕子段1057-5、1058-1、1058-3、1058-4地號,一般農業區,農牧用地,"裁處罰鍰                   依工廠管理輔導法規定申請納管審核中",,
2023-04-13,經濟部專案檢送109至111年違反非都市土地使用管制案件查處情形表(截至112年3月26日),136,高雄市,,,梓官區新興段698、699地號,一般農業區,農牧用地,依工廠管理輔導法規定核准納管,,
2023-04-13,經濟部專案檢送109至111年違反非都市土地使用管制案件查處情形表(截至112年3月26日),240,高雄市,,,岡山區嘉興段2083地號,特定農業區,農牧用地,"裁處罰鍰                  已停止供水供電",,
2023-04-13,經濟部專案檢送109至111年違反非都市土地使用管制案件查處情形表(截至112年3月26日),241,高雄市,,,岡山區嘉興段2083地號,特定農業區,農牧用地,"裁處罰鍰                  已停止供水供電",,
2023-04-13,經濟部專案檢送109至111年違反非都市土地使用管制案件查處情形表(截至112年3月26日),300,高雄市,,,湖內區圍子內段4162地號,一般農業區,農牧用地,"裁處罰鍰                  已停止供水供電",,
2023-04-13,經濟部專案檢送109至111年違反非都市土地使用管制案件查處情形表(截至112年3月26日),301,高雄市,,,岡山區台安段259地號,一般農業區,農牧用地,依工廠管理輔導法規定申請納管審核中,,
2023-04-13,經濟部專案檢送109至111年違反非都市土地使用管制案件查處情形表(截至112年3月26日),302,高雄市,,,阿蓮區阿蓮段2856地號,特定農業區,農牧用地,依工廠管理輔導法規定申請納管審核中,,
2023-04-13,經濟部專案檢送109至111年違反非都市土地使用管制案件查處情形表(截至112年3月26日),340,高雄市,,,鳥松區松埔段854地號,特定農業區,農牧用地,"裁處罰鍰                  已停止供水供電",,
2023-04-13,經濟部專案檢送109至111年違反非都市土地使用管制案件查處情形表(截至112年3月26日),349,高雄市,,,阿蓮區青安段413地號,特定農業區,農牧用地,"裁處罰鍰                  已停止供水供電",,
2023-04-13,經濟部專案檢送109至111年違反非都市土地使用管制案件查處情形表(截至112年3月26日),350,高雄市,,,岡山區嘉潭段147地號,特定農業區,交通用地,裁處罰鍰,,
2023-04-13,經濟部專案檢送109至111年違反非都市土地使用管制案件查處情形表(截至112年3月26日),351,高雄市,,,岡山區大華段781地號,特定農業區,農牧用地,裁處罰鍰,,
2023-04-13,經濟部專案檢送109至111年違反非都市土地使用管制案件查處情形表(截至112年3月26日),587,高雄市,,,橋頭區白樹子段1368地號,特定農業區,農牧用地,裁處罰鍰,,
2023-04-13,經濟部專案檢送109年至111年違反都市計畫土地使用管制查處情形表（截至112.3.26）,69,高雄市,,,大寮區磚子磘段2079地號,農業區,,裁處罰鍰,,
2023-04-13,經濟部專案檢送109年至111年違反都市計畫土地使用管制查處情形表（截至112.3.26）,70,高雄市,,,大寮區山子頂段4142-3、4142-4、4142-5地號,農業區,,裁處罰鍰,,
2023-04-13,經濟部專案檢送109年至111年違反都市計畫土地使用管制查處情形表（截至112.3.26）,71,高雄市,,,大樹區維新段33-37地號,農業區,,裁處罰鍰,,
2023-04-13,經濟部專案檢送109年至111年違反都市計畫土地使用管制查處情形表（截至112.3.26）,72,高雄市,,,大寮區山子頂段2227、2227-1地號,農業區,,裁處罰鍰,,
2023-04-13,經濟部專案檢送109年至111年違反都市計畫土地使用管制查處情形表（截至112.3.26）,73,高雄市,,,鳥松區大腳腿段1297-7地號,農業區,,裁處罰鍰,,
2023-04-13,經濟部專案檢送109年至111年違反都市計畫土地使用管制查處情形表（截至112.3.26）,74,高雄市,,,鳥松區大腳腿段1297-6地號,農業區,,裁處罰鍰,,
2023-06-20,經濟部專案檢送109年至111年違反都市計畫土地使用管制查處情形表（截至112.5.28）,70,高雄市,,,大寮區磚子磘段2079地號,農業區,,裁處罰鍰,,
2023-06-20,經濟部專案檢送109年至111年違反都市計畫土地使用管制查處情形表（截至112.5.28）,71,高雄市,,,大寮區山子頂段4142-3、4142-4、4142-5地號,農業區,,裁處罰鍰,,
2023-06-20,經濟部專案檢送109年至111年違反都市計畫土地使用管制查處情形表（截至112.5.28）,72,高雄市,,,大樹區維新段33-37地號,農業區,,裁處罰鍰,,
2023-06-20,經濟部專案檢送109年至111年違反都市計畫土地使用管制查處情形表（截至112.5.28）,73,高雄市,,,大寮區山子頂段2227、2227-1地號,農業區,,裁處罰鍰,,
2023-06-20,經濟部專案檢送109年至111年違反都市計畫土地使用管制查處情形表（截至112.5.28）,74,高雄市,,,鳥松區大腳腿段1297-7地號,農業區,,裁處罰鍰,,
2023-06-20,經濟部專案檢送109年至111年違反都市計畫土地使用管制查處情形表（截至112.5.28）,75,高雄市,,,鳥松區大腳腿段1297-6地號,農業區,,裁處罰鍰,,
2023-06-20,經濟部專案檢送109至111年違反非都市土地使用管制案件查處情形表(截至112年5月28日),41,高雄市,,,路竹區新園段3392地號,特定農業區,農牧用地,"裁處罰鍰                  已停止供水供電",,
2023-06-20,經濟部專案檢送109至111年違反非都市土地使用管制案件查處情形表(截至112年5月28日),42,高雄市,,,路竹區新園段3393地號,特定農業區,農牧用地,"裁處罰鍰                  已停止供水供電",,
2023-06-20,經濟部專案檢送109至111年違反非都市土地使用管制案件查處情形表(截至112年5月28日),43,高雄市,,,岡山區拕子段1057-5、1058-1、1058-3、1058-4地號,一般農業區,農牧用地,"裁處罰鍰                   依工廠管理輔導法規定申請納管審核中",,
2023-06-20,經濟部專案檢送109至111年違反非都市土地使用管制案件查處情形表(截至112年5月28日),136,高雄市,,,梓官區新興段698、699地號,一般農業區,農牧用地,依工廠管理輔導法規定核准納管,,
2023-06-20,經濟部專案檢送109至111年違反非都市土地使用管制案件查處情形表(截至112年5月28日),240,高雄市,,,岡山區嘉興段2083地號,特定農業區,農牧用地,"裁處罰鍰                  已停止供水供電",,
2023-06-20,經濟部專案檢送109至111年違反非都市土地使用管制案件查處情形表(截至112年5月28日),241,高雄市,,,岡山區嘉興段2083地號,特定農業區,農牧用地,"裁處罰鍰                  已停止供水供電",,
2023-06-20,經濟部專案檢送109至111年違反非都市土地使用管制案件查處情形表(截至112年5月28日),300,高雄市,,,湖內區圍子內段4162地號,一般農業區,農牧用地,"裁處罰鍰                  已停止供水供電",,
2023-06-20,經濟部專案檢送109至111年違反非都市土地使用管制案件查處情形表(截至112年5月28日),301,高雄市,,,岡山區台安段259地號,一般農業區,農牧用地,依工廠管理輔導法規定申請納管審核中,,
2023-06-20,經濟部專案檢送109至111年違反非都市土地使用管制案件查處情形表(截至112年5月28日),302,高雄市,,,阿蓮區阿蓮段2856地號,特定農業區,農牧用地,依工廠管理輔導法規定申請納管審核中,,
2023-06-20,經濟部專案檢送109至111年違反非都市土地使用管制案件查處情形表(截至112年5月28日),340,高雄市,,,鳥松區松埔段854地號,特定農業區,農牧用地,"裁處罰鍰                  已停止供水供電",,
2023-06-20,經濟部專案檢送109至111年違反非都市土地使用管制案件查處情形表(截至112年5月28日),349,高雄市,,,阿蓮區青安段413地號,特定農業區,農牧用地,"裁處罰鍰                  已停止供水供電",,
2023-06-20,經濟部專案檢送109至111年違反非都市土地使用管制案件查處情形表(截至112年5月28日),350,高雄市,,,岡山區嘉潭段147地號,特定農業區,交通用地,"裁處罰鍰                  已停止供水供電",,
2023-06-20,經濟部專案檢送109至111年違反非都市土地使用管制案件查處情形表(截至112年5月28日),351,高雄市,,,岡山區大華段781地號,特定農業區,農牧用地,裁處罰鍰,,
2023-06-20,經濟部專案檢送109至111年違反非都市土地使用管制案件查處情形表(截至112年5月28日),613,高雄市,,,橋頭區白樹子段1368地號,特定農業區,農牧用地,"裁處罰鍰                  已停止供水供電",,
2023-07-17,經濟部專案檢送109至111年違反非都市土地使用管制案件查處情形表(截至112年6月30日),41,高雄市,,,路竹區新園段3392地號,特定農業區,農牧用地,"裁處罰鍰                  已停止供水供電",,
2023-07-17,經濟部專案檢送109至111年違反非都市土地使用管制案件查處情形表(截至112年6月30日),42,高雄市,,,路竹區新園段3393地號,特定農業區,農牧用地,"裁處罰鍰                  已停止供水供電",,
2023-07-17,經濟部專案檢送109至111年違反非都市土地使用管制案件查處情形表(截至112年6月30日),43,高雄市,,,岡山區拕子段1057-5、1058-1、1058-3、1058-4地號,一般農業區,農牧用地,"裁處罰鍰                   依工廠管理輔導法規定申請納管審核中",,
2023-07-17,經濟部專案檢送109至111年違反非都市土地使用管制案件查處情形表(截至112年6月30日),136,高雄市,,,梓官區新興段698、699地號,一般農業區,農牧用地,依工廠管理輔導法規定核准納管,,
2023-07-17,經濟部專案檢送109至111年違反非都市土地使用管制案件查處情形表(截至112年6月30日),239,高雄市,,,岡山區嘉興段2083地號,特定農業區,農牧用地,"裁處罰鍰                  已停止供水供電",,
2023-07-17,經濟部專案檢送109至111年違反非都市土地使用管制案件查處情形表(截至112年6月30日),240,高雄市,,,岡山區嘉興段2083地號,特定農業區,農牧用地,"裁處罰鍰                  已停止供水供電",,
2023-07-17,經濟部專案檢送109至111年違反非都市土地使用管制案件查處情形表(截至112年6月30日),299,高雄市,,,湖內區圍子內段4162地號,一般農業區,農牧用地,"裁處罰鍰                  已停止供水供電",,
2023-07-17,經濟部專案檢送109至111年違反非都市土地使用管制案件查處情形表(截至112年6月30日),300,高雄市,,,岡山區台安段259地號,一般農業區,農牧用地,依工廠管理輔導法規定申請納管審核中,,
2023-07-17,經濟部專案檢送109至111年違反非都市土地使用管制案件查處情形表(截至112年6月30日),301,高雄市,,,阿蓮區阿蓮段2856地號,特定農業區,農牧用地,依工廠管理輔導法規定申請納管審核中,,
2023-07-17,經濟部專案檢送109至111年違反非都市土地使用管制案件查處情形表(截至112年6月30日),339,高雄市,,,鳥松區松埔段854地號,特定農業區,農牧用地,"裁處罰鍰                  已停止供水供電",,
2023-07-17,經濟部專案檢送109至111年違反非都市土地使用管制案件查處情形表(截至112年6月30日),348,高雄市,,,阿蓮區青安段413地號,特定農業區,農牧用地,"裁處罰鍰                  已停止供水供電",,
2023-07-17,經濟部專案檢送109至111年違反非都市土地使用管制案件查處情形表(截至112年6月30日),349,高雄市,,,岡山區嘉潭段147地號,特定農業區,交通用地,"裁處罰鍰                  已停止供水供電",,
2023-07-17,經濟部專案檢送109至111年違反非都市土地使用管制案件查處情形表(截至112年6月30日),350,高雄市,,,岡山區大華段781地號,特定農業區,農牧用地,"裁處罰鍰                  已停止供水供電",,
2023-07-17,經濟部專案檢送109至111年違反非都市土地使用管制案件查處情形表(截至112年6月30日),639,高雄市,,,橋頭區白樹子段1368地號,特定農業區,農牧用地,"裁處罰鍰                  已停止供水供電",,
2023-07-17,經濟部專案檢送109年至111年違反都市計畫土地使用管制查處情形表（截至112.6.30）,95,高雄市,,,大寮區磚子磘段2079地號,農業區,,裁處罰鍰,,
2023-07-17,經濟部專案檢送109年至111年違反都市計畫土地使用管制查處情形表（截至112.6.30）,96,高雄市,,,大寮區山子頂段4142-3、4142-4、4142-5地號,農業區,,裁處罰鍰,,
2023-07-17,經濟部專案檢送109年至111年違反都市計畫土地使用管制查處情形表（截至112.6.30）,97,高雄市,,,大樹區維新段33-37地號,農業區,,裁處罰鍰,,
2023-07-17,經濟部專案檢送109年至111年違反都市計畫土地使用管制查處情形表（截至112.6.30）,98,高雄市,,,大寮區山子頂段2227、2227-1地號,農業區,,裁處罰鍰,,
2023-07-17,經濟部專案檢送109年至111年違反都市計畫土地使用管制查處情形表（截至112.6.30）,99,高雄市,,,鳥松區大腳腿段1297-7地號,農業區,,裁處罰鍰,,
2023-07-17,經濟部專案檢送109年至111年違反都市計畫土地使用管制查處情形表（截至112.6.30）,100,高雄市,,,鳥松區大腳腿段1297-6地號,農業區,,裁處罰鍰,,
2023-08-14,經濟部專案檢送109至111年違反非都市土地使用管制案件查處情形表(截至112年7月31日),41,高雄市,,,路竹區新園段3392地號,特定農業區,農牧用地,"裁處罰鍰                  已停止供水供電",,
2023-08-14,經濟部專案檢送109至111年違反非都市土地使用管制案件查處情形表(截至112年7月31日),42,高雄市,,,路竹區新園段3393地號,特定農業區,農牧用地,"裁處罰鍰                  已停止供水供電",,
2023-08-14,經濟部專案檢送109至111年違反非都市土地使用管制案件查處情形表(截至112年7月31日),43,高雄市,,,岡山區拕子段1057-5、1058-1、1058-3、1058-4地號,一般農業區,農牧用地,"裁處罰鍰                   依工廠管理輔導法規定申請納管審核中",,
2023-08-14,經濟部專案檢送109至111年違反非都市土地使用管制案件查處情形表(截至112年7月31日),136,高雄市,,,梓官區新興段698、699地號,一般農業區,農牧用地,依工廠管理輔導法規定核准納管,,
2023-08-14,經濟部專案檢送109至111年違反非都市土地使用管制案件查處情形表(截至112年7月31日),240,高雄市,,,岡山區嘉興段2083地號,特定農業區,農牧用地,"裁處罰鍰                  已停止供水供電",,
2023-08-14,經濟部專案檢送109至111年違反非都市土地使用管制案件查處情形表(截至112年7月31日),241,高雄市,,,岡山區嘉興段2083地號,特定農業區,農牧用地,"裁處罰鍰                  已停止供水供電",,
2023-08-14,經濟部專案檢送109至111年違反非都市土地使用管制案件查處情形表(截至112年7月31日),300,高雄市,,,湖內區圍子內段4162地號,一般農業區,農牧用地,"裁處罰鍰                  已停止供水供電",,
2023-08-14,經濟部專案檢送109至111年違反非都市土地使用管制案件查處情形表(截至112年7月31日),301,高雄市,,,岡山區台安段259地號,一般農業區,農牧用地,依工廠管理輔導法規定申請納管審核中,,
2023-08-14,經濟部專案檢送109至111年違反非都市土地使用管制案件查處情形表(截至112年7月31日),302,高雄市,,,阿蓮區阿蓮段2856地號,特定農業區,農牧用地,依工廠管理輔導法規定申請納管審核中,,
2023-08-14,經濟部專案檢送109至111年違反非都市土地使用管制案件查處情形表(截至112年7月31日),341,高雄市,,,鳥松區松埔段854地號,特定農業區,農牧用地,"裁處罰鍰                  已停止供水供電",,
2023-08-14,經濟部專案檢送109至111年違反非都市土地使用管制案件查處情形表(截至112年7月31日),350,高雄市,,,阿蓮區青安段413地號,特定農業區,農牧用地,"裁處罰鍰                  已停止供水供電",,
2023-08-14,經濟部專案檢送109至111年違反非都市土地使用管制案件查處情形表(截至112年7月31日),351,高雄市,,,岡山區嘉潭段147地號,特定農業區,交通用地,"裁處罰鍰                  已停止供水供電",,
2023-08-14,經濟部專案檢送109至111年違反非都市土地使用管制案件查處情形表(截至112年7月31日),353,高雄市,,,岡山區大華段781地號,特定農業區,農牧用地,"裁處罰鍰                  已停止供水供電",,
2023-08-14,經濟部專案檢送109年至111年違反都市計畫土地使用管制查處情形表（截至112.7.31）,59,高雄市,,,大寮區磚子磘段2079地號,農業區,,裁處罰鍰,,
2023-08-14,經濟部專案檢送109年至111年違反都市計畫土地使用管制查處情形表（截至112.7.31）,60,高雄市,,,大寮區山子頂段4142-3、4142-4、4142-5地號,農業區,,裁處罰鍰,,
2023-08-14,經濟部專案檢送109年至111年違反都市計畫土地使用管制查處情形表（截至112.7.31）,61,高雄市,,,大樹區維新段33-37地號,農業區,,裁處罰鍰,,
2023-08-14,經濟部專案檢送109年至111年違反都市計畫土地使用管制查處情形表（截至112.7.31）,62,高雄市,,,大寮區山子頂段2227、2227-1地號,農業區,,裁處罰鍰,,
2023-08-14,經濟部專案檢送109年至111年違反都市計畫土地使用管制查處情形表（截至112.7.31）,63,高雄市,,,鳥松區大腳腿段1297-7地號,農業區,,裁處罰鍰,,
2023-08-14,經濟部專案檢送109年至111年違反都市計畫土地使用管制查處情形表（截至112.7.31）,64,高雄市,,,鳥松區大腳腿段1297-6地號,農業區,,裁處罰鍰,,
2023-09-11,經濟部專案檢送109至111年度違反非都市土地使用管制案件查處情形表(截至112年8月28日),41,高雄市,,,路竹區新園段3392地號,特定農業區,農牧用地,"裁處罰鍰                  已停止供水供電",,
2023-09-11,經濟部專案檢送109至111年度違反非都市土地使用管制案件查處情形表(截至112年8月28日),42,高雄市,,,路竹區新園段3393地號,特定農業區,農牧用地,"裁處罰鍰                  已停止供水供電",,
2023-09-11,經濟部專案檢送109至111年度違反非都市土地使用管制案件查處情形表(截至112年8月28日),43,高雄市,,,岡山區拕子段1057-5、1058-1、1058-3、1058-4地號,一般農業區,農牧用地,"裁處罰鍰                   依工廠管理輔導法規定申請納管審核中",,
2023-09-11,經濟部專案檢送109至111年度違反非都市土地使用管制案件查處情形表(截至112年8月28日),136,高雄市,,,梓官區新興段698、699地號,一般農業區,農牧用地,依工廠管理輔導法規定核准納管,,
2023-09-11,經濟部專案檢送109至111年度違反非都市土地使用管制案件查處情形表(截至112年8月28日),239,高雄市,,,岡山區嘉興段2083地號,特定農業區,農牧用地,"裁處罰鍰                  已停止供水供電",,
2023-09-11,經濟部專案檢送109至111年度違反非都市土地使用管制案件查處情形表(截至112年8月28日),240,高雄市,,,岡山區嘉興段2083地號,特定農業區,農牧用地,"裁處罰鍰                  已停止供水供電",,
2023-09-11,經濟部專案檢送109至111年度違反非都市土地使用管制案件查處情形表(截至112年8月28日),299,高雄市,,,湖內區圍子內段4162地號,一般農業區,農牧用地,"裁處罰鍰                  已停止供水供電",,
2023-09-11,經濟部專案檢送109至111年度違反非都市土地使用管制案件查處情形表(截至112年8月28日),300,高雄市,,,岡山區台安段259地號,一般農業區,農牧用地,依工廠管理輔導法規定申請納管審核中,,
2023-09-11,經濟部專案檢送109至111年度違反非都市土地使用管制案件查處情形表(截至112年8月28日),301,高雄市,,,阿蓮區阿蓮段2856地號,特定農業區,農牧用地,依工廠管理輔導法規定申請納管審核中,,
2023-09-11,經濟部專案檢送109至111年度違反非都市土地使用管制案件查處情形表(截至112年8月28日),339,高雄市,,,鳥松區松埔段854地號,特定農業區,農牧用地,"裁處罰鍰                  已停止供水供電",,
2023-09-11,經濟部專案檢送109至111年度違反非都市土地使用管制案件查處情形表(截至112年8月28日),348,高雄市,,,阿蓮區青安段413地號,特定農業區,農牧用地,"裁處罰鍰                  已停止供水供電",,
2023-09-11,經濟部專案檢送109至111年度違反非都市土地使用管制案件查處情形表(截至112年8月28日),349,高雄市,,,岡山區嘉潭段147地號,特定農業區,交通用地,"裁處罰鍰                  已停止供水供電",,
2023-09-11,經濟部專案檢送109至111年度違反非都市土地使用管制案件查處情形表(截至112年8月28日),350,高雄市,,,岡山區大華段781地號,特定農業區,農牧用地,"裁處罰鍰                  已停止供水供電",,
2023-09-11,經濟部專案檢送109至111年度違反非都市土地使用管制案件查處情形表(截至112年8月28日),451,高雄市,,,岡山區嘉興段2017地號,特定農業區,農牧用地,裁處罰鍰,,
2023-09-11,經濟部專案檢送109年至111年違反都市計畫土地使用管制查處情形表（截至112年8月28日）,61,高雄市,,,大寮區磚子磘段2079地號,農業區,,裁處罰鍰,,
2023-09-11,經濟部專案檢送109年至111年違反都市計畫土地使用管制查處情形表（截至112年8月28日）,62,高雄市,,,大寮區山子頂段4142-3、4142-4、4142-5地號,農業區,,裁處罰鍰,,
2023-09-11,經濟部專案檢送109年至111年違反都市計畫土地使用管制查處情形表（截至112年8月28日）,63,高雄市,,,大樹區維新段33-37地號,農業區,,裁處罰鍰,,
2023-09-11,經濟部專案檢送109年至111年違反都市計畫土地使用管制查處情形表（截至112年8月28日）,64,高雄市,,,大寮區山子頂段2227、2227-1地號,農業區,,裁處罰鍰,,
2023-09-11,經濟部專案檢送109年至111年違反都市計畫土地使用管制查處情形表（截至112年8月28日）,65,高雄市,,,鳥松區大腳腿段1297-7地號,農業區,,裁處罰鍰,,
2023-09-11,經濟部專案檢送109年至111年違反都市計畫土地使用管制查處情形表（截至112年8月28日）,66,高雄市,,,鳥松區大腳腿段1297-6地號,農業區,,裁處罰鍰,,
2023-10-20,經濟部專案檢送109至111年違反非都市土地使用管制案件查處情形表(截至112年9月28日),41,高雄市,,,路竹區新園段3392地號,特定農業區,農牧用地,"裁處罰鍰                  已停止供水供電",,
2023-10-20,經濟部專案檢送109至111年違反非都市土地使用管制案件查處情形表(截至112年9月28日),42,高雄市,,,路竹區新園段3393地號,特定農業區,農牧用地,"裁處罰鍰                  已停止供水供電",,
2023-10-20,經濟部專案檢送109至111年違反非都市土地使用管制案件查處情形表(截至112年9月28日),43,高雄市,,,岡山區拕子段1057-5、1058-1、1058-3、1058-4地號,一般農業區,農牧用地,"裁處罰鍰                   依工廠管理輔導法規定申請納管審核中",,
2023-10-20,經濟部專案檢送109至111年違反非都市土地使用管制案件查處情形表(截至112年9月28日),136,高雄市,,,梓官區新興段698、699地號,一般農業區,農牧用地,依工廠管理輔導法規定核准納管,,
2023-10-20,經濟部專案檢送109至111年違反非都市土地使用管制案件查處情形表(截至112年9月28日),239,高雄市,,,岡山區嘉興段2083地號,特定農業區,農牧用地,"裁處罰鍰                  已停止供水供電",,
2023-10-20,經濟部專案檢送109至111年違反非都市土地使用管制案件查處情形表(截至112年9月28日),240,高雄市,,,岡山區嘉興段2083地號,特定農業區,農牧用地,"裁處罰鍰                  已停止供水供電",,
2023-10-20,經濟部專案檢送109至111年違反非都市土地使用管制案件查處情形表(截至112年9月28日),299,高雄市,,,湖內區圍子內段4162地號,一般農業區,農牧用地,"裁處罰鍰                  已停止供水供電",,
2023-10-20,經濟部專案檢送109至111年違反非都市土地使用管制案件查處情形表(截至112年9月28日),300,高雄市,,,岡山區台安段259地號,一般農業區,農牧用地,依工廠管理輔導法規定申請納管審核中,,
2023-10-20,經濟部專案檢送109至111年違反非都市土地使用管制案件查處情形表(截至112年9月28日),301,高雄市,,,阿蓮區阿蓮段2856地號,特定農業區,農牧用地,依工廠管理輔導法規定申請納管審核中,,
2023-10-20,經濟部專案檢送109至111年違反非都市土地使用管制案件查處情形表(截至112年9月28日),339,高雄市,,,鳥松區松埔段854地號,特定農業區,農牧用地,"裁處罰鍰                  已停止供水供電",,
2023-10-20,經濟部專案檢送109至111年違反非都市土地使用管制案件查處情形表(截至112年9月28日),348,高雄市,,,阿蓮區青安段413地號,特定農業區,農牧用地,"裁處罰鍰                  已停止供水供電",,
2023-10-20,經濟部專案檢送109至111年違反非都市土地使用管制案件查處情形表(截至112年9月28日),349,高雄市,,,岡山區嘉潭段147地號,特定農業區,交通用地,"裁處罰鍰                  已停止供水供電",,
2023-10-20,經濟部專案檢送109至111年違反非都市土地使用管制案件查處情形表(截至112年9月28日),350,高雄市,,,岡山區大華段781地號,特定農業區,農牧用地,"裁處罰鍰                  已停止供水供電",,
2023-10-20,經濟部專案檢送109至111年違反非都市土地使用管制案件查處情形表(截至112年9月28日),453,高雄市,,,岡山區嘉興段2017地號,特定農業區,農牧用地,裁處罰鍰,,
2023-10-20,經濟部專案檢送109年至111年違反都市計畫土地使用管制裁罰查處情形表（截至112.9.28）,61,高雄市,,,大寮區磚子磘段2079地號,農業區,,裁處罰鍰,,
2023-10-20,經濟部專案檢送109年至111年違反都市計畫土地使用管制裁罰查處情形表（截至112.9.28）,62,高雄市,,,大寮區山子頂段4142-3、4142-4、4142-5地號,農業區,,裁處罰鍰,,
2023-10-20,經濟部專案檢送109年至111年違反都市計畫土地使用管制裁罰查處情形表（截至112.9.28）,63,高雄市,,,大樹區維新段33-37地號,農業區,,裁處罰鍰,,
2023-10-20,經濟部專案檢送109年至111年違反都市計畫土地使用管制裁罰查處情形表（截至112.9.28）,64,高雄市,,,大寮區山子頂段2227、2227-1地號,農業區,,裁處罰鍰,,
2023-10-20,經濟部專案檢送109年至111年違反都市計畫土地使用管制裁罰查處情形表（截至112.9.28）,65,高雄市,,,鳥松區大腳腿段1297-7地號,農業區,,裁處罰鍰,,
2023-10-20,經濟部專案檢送109年至111年違反都市計畫土地使用管制裁罰查處情形表（截至112.9.28）,66,高雄市,,,鳥松區大腳腿段1297-6地號,農業區,,裁處罰鍰,,
2023-11-16,"經濟部專案檢送109至111年違反非都市土地使用管制案件查處情形表
(截至112.10.31)",41,高雄市,,,路竹區新園段3392地號,特定農業區,農牧用地,"裁處罰鍰                  已停止供水供電",,
2023-11-16,"經濟部專案檢送109至111年違反非都市土地使用管制案件查處情形表
(截至112.10.31)",42,高雄市,,,路竹區新園段3393地號,特定農業區,農牧用地,"裁處罰鍰                  已停止供水供電",,
2023-11-16,"經濟部專案檢送109至111年違反非都市土地使用管制案件查處情形表
(截至112.10.31)",43,高雄市,,,岡山區拕子段1057-5、1058-1、1058-3、1058-4地號,一般農業區,農牧用地,"裁處罰鍰                   依工廠管理輔導法規定申請納管審核中",,
2023-11-16,"經濟部專案檢送109至111年違反非都市土地使用管制案件查處情形表
(截至112.10.31)",136,高雄市,,,梓官區新興段698、699地號,一般農業區,農牧用地,依工廠管理輔導法規定核准納管,,
2023-11-16,"經濟部專案檢送109至111年違反非都市土地使用管制案件查處情形表
(截至112.10.31)",239,高雄市,,,岡山區嘉興段2083地號,特定農業區,農牧用地,"裁處罰鍰                  已停止供水供電",,
2023-11-16,"經濟部專案檢送109至111年違反非都市土地使用管制案件查處情形表
(截至112.10.31)",240,高雄市,,,岡山區嘉興段2083地號,特定農業區,農牧用地,"裁處罰鍰                  已停止供水供電",,
2023-11-16,"經濟部專案檢送109至111年違反非都市土地使用管制案件查處情形表
(截至112.10.31)",299,高雄市,,,湖內區圍子內段4162地號,一般農業區,農牧用地,"裁處罰鍰                  已停止供水供電",,
2023-11-16,"經濟部專案檢送109至111年違反非都市土地使用管制案件查處情形表
(截至112.10.31)",300,高雄市,,,岡山區台安段259地號,一般農業區,農牧用地,依工廠管理輔導法規定申請納管審核中,,
2023-11-16,"經濟部專案檢送109至111年違反非都市土地使用管制案件查處情形表
(截至112.10.31)",301,高雄市,,,阿蓮區阿蓮段2856地號,特定農業區,農牧用地,依工廠管理輔導法規定申請納管審核中,,
2023-11-16,"經濟部專案檢送109至111年違反非都市土地使用管制案件查處情形表
(截至112.10.31)",339,高雄市,,,鳥松區松埔段854地號,特定農業區,農牧用地,"裁處罰鍰                  已停止供水供電",,
2023-11-16,"經濟部專案檢送109至111年違反非都市土地使用管制案件查處情形表
(截至112.10.31)",348,高雄市,,,阿蓮區青安段413地號,特定農業區,農牧用地,"裁處罰鍰                  已停止供水供電",,
2023-11-16,"經濟部專案檢送109至111年違反非都市土地使用管制案件查處情形表
(截至112.10.31)",349,高雄市,,,岡山區嘉潭段147地號,特定農業區,交通用地,"裁處罰鍰                  已停止供水供電",,
2023-11-16,"經濟部專案檢送109至111年違反非都市土地使用管制案件查處情形表
(截至112.10.31)",350,高雄市,,,岡山區大華段781地號,特定農業區,農牧用地,"裁處罰鍰                  已停止供水供電",,
2023-11-16,"經濟部專案檢送109至111年違反非都市土地使用管制案件查處情形表
(截至112.10.31)",425,高雄市,,,岡山區嘉興段2017地號,特定農業區,農牧用地,"裁處罰鍰                  已停止供水供電",,
2023-11-16,"經濟部專案檢送109至111年違反非都市土地使用管制案件查處情形表
(截至112.10.31)",455,高雄市,,,岡山區嘉興段2017地號,特定農業區,農牧用地,裁處罰鍰,,
2023-11-16,"經濟部專案檢送109年至111年違反都市計畫土地使用管制查處情形表
（截至112.10.31）",61,高雄市,,,大寮區磚子磘段2079地號,農業區,,裁處罰鍰,,
2023-11-16,"經濟部專案檢送109年至111年違反都市計畫土地使用管制查處情形表
（截至112.10.31）",62,高雄市,,,大寮區山子頂段4142-3、4142-4、4142-5地號,農業區,,裁處罰鍰,,
2023-11-16,"經濟部專案檢送109年至111年違反都市計畫土地使用管制查處情形表
（截至112.10.31）",63,高雄市,,,大樹區維新段33-37地號,農業區,,裁處罰鍰,,
2023-11-16,"經濟部專案檢送109年至111年違反都市計畫土地使用管制查處情形表
（截至112.10.31）",64,高雄市,,,大寮區山子頂段2227、2227-1地號,農業區,,裁處罰鍰,,
2023-11-16,"經濟部專案檢送109年至111年違反都市計畫土地使用管制查處情形表
（截至112.10.31）",65,高雄市,,,鳥松區大腳腿段1297-7地號,農業區,,裁處罰鍰,,
2023-11-16,"經濟部專案檢送109年至111年違反都市計畫土地使用管制查處情形表
（截至112.10.31）",66,高雄市,,,鳥松區大腳腿段1297-6地號,農業區,,裁處罰鍰,,
2023-12-22,經濟部專案檢送109至111年違反非都市土地使用管制案件查處情形表(截至112年11月30日),41,高雄市,,,路竹區新園段3392地號,特定農業區,農牧用地,"裁處罰鍰                  已停止供水供電",,
2023-12-22,經濟部專案檢送109至111年違反非都市土地使用管制案件查處情形表(截至112年11月30日),42,高雄市,,,路竹區新園段3393地號,特定農業區,農牧用地,"裁處罰鍰                  已停止供水供電",,
2023-12-22,經濟部專案檢送109至111年違反非都市土地使用管制案件查處情形表(截至112年11月30日),43,高雄市,,,岡山區拕子段1057-5、1058-1、1058-3、1058-4地號,一般農業區,農牧用地,"裁處罰鍰                   依工廠管理輔導法規定申請納管審核中",,
2023-12-22,經濟部專案檢送109至111年違反非都市土地使用管制案件查處情形表(截至112年11月30日),136,高雄市,,,梓官區新興段698、699地號,一般農業區,農牧用地,依工廠管理輔導法規定核准納管,,
2023-12-22,經濟部專案檢送109至111年違反非都市土地使用管制案件查處情形表(截至112年11月30日),239,高雄市,,,岡山區嘉興段2083地號,特定農業區,農牧用地,"裁處罰鍰                  已停止供水供電",,
2023-12-22,經濟部專案檢送109至111年違反非都市土地使用管制案件查處情形表(截至112年11月30日),240,高雄市,,,岡山區嘉興段2083地號,特定農業區,農牧用地,"裁處罰鍰                  已停止供水供電",,
2023-12-22,經濟部專案檢送109至111年違反非都市土地使用管制案件查處情形表(截至112年11月30日),299,高雄市,,,湖內區圍子內段4162地號,一般農業區,農牧用地,"裁處罰鍰                  已停止供水供電",,
2023-12-22,經濟部專案檢送109至111年違反非都市土地使用管制案件查處情形表(截至112年11月30日),300,高雄市,,,岡山區台安段259地號,一般農業區,農牧用地,依工廠管理輔導法規定申請納管審核中,,
2023-12-22,經濟部專案檢送109至111年違反非都市土地使用管制案件查處情形表(截至112年11月30日),301,高雄市,,,阿蓮區阿蓮段2856地號,特定農業區,農牧用地,依工廠管理輔導法規定申請納管審核中,,
2023-12-22,經濟部專案檢送109至111年違反非都市土地使用管制案件查處情形表(截至112年11月30日),339,高雄市,,,鳥松區松埔段854地號,特定農業區,農牧用地,"裁處罰鍰                  已停止供水供電",,
2023-12-22,經濟部專案檢送109至111年違反非都市土地使用管制案件查處情形表(截至112年11月30日),348,高雄市,,,阿蓮區青安段413地號,特定農業區,農牧用地,"裁處罰鍰                  已停止供水供電",,
2023-12-22,經濟部專案檢送109至111年違反非都市土地使用管制案件查處情形表(截至112年11月30日),349,高雄市,,,岡山區嘉潭段147地號,特定農業區,交通用地,"裁處罰鍰                  已停止供水供電",,
2023-12-22,經濟部專案檢送109至111年違反非都市土地使用管制案件查處情形表(截至112年11月30日),350,高雄市,,,岡山區大華段781地號,特定農業區,農牧用地,"裁處罰鍰                  已停止供水供電",,
2023-12-22,經濟部專案檢送109至111年違反非都市土地使用管制案件查處情形表(截至112年11月30日),425,高雄市,,,岡山區嘉興段2017地號,特定農業區,農牧用地,"裁處罰鍰                  已停止供水供電",,
2023-12-22,經濟部專案檢送109年至111年違反都市計畫土地使用管制查處情形表（截至112.11.30）,62,高雄市,,,大寮區磚子磘段2079地號,農業區,,裁處罰鍰,,
2023-12-22,經濟部專案檢送109年至111年違反都市計畫土地使用管制查處情形表（截至112.11.30）,63,高雄市,,,大寮區山子頂段4142-3、4142-4、4142-5地號,農業區,,裁處罰鍰,,
2023-12-22,經濟部專案檢送109年至111年違反都市計畫土地使用管制查處情形表（截至112.11.30）,64,高雄市,,,大樹區維新段33-37地號,農業區,,裁處罰鍰,,
2023-12-22,經濟部專案檢送109年至111年違反都市計畫土地使用管制查處情形表（截至112.11.30）,65,高雄市,,,大寮區山子頂段2227、2227-1地號,農業區,,裁處罰鍰,,
2023-12-22,經濟部專案檢送109年至111年違反都市計畫土地使用管制查處情形表（截至112.11.30）,66,高雄市,,,鳥松區大腳腿段1297-7地號,農業區,,裁處罰鍰,,
2023-12-22,經濟部專案檢送109年至111年違反都市計畫土地使用管制查處情形表（截至112.11.30）,67,高雄市,,,鳥松區大腳腿段1297-6地號,農業區,,裁處罰鍰,,
2024-01-26,經濟部專案檢送109至111年違反非都市土地使用管制案件查處情形表(截至112年12月31日),41,高雄市,,,路竹區新園段3392地號,特定農業區,農牧用地,"裁處罰鍰                  已停止供水供電",,
2024-01-26,經濟部專案檢送109至111年違反非都市土地使用管制案件查處情形表(截至112年12月31日),42,高雄市,,,路竹區新園段3393地號,特定農業區,農牧用地,"裁處罰鍰                  已停止供水供電",,
2024-01-26,經濟部專案檢送109至111年違反非都市土地使用管制案件查處情形表(截至112年12月31日),43,高雄市,,,岡山區拕子段1057-5、1058-1、1058-3、1058-4地號,一般農業區,農牧用地,"裁處罰鍰                   依工廠管理輔導法規定申請納管審核中",,
2024-01-26,經濟部專案檢送109至111年違反非都市土地使用管制案件查處情形表(截至112年12月31日),136,高雄市,,,梓官區新興段698、699地號,一般農業區,農牧用地,依工廠管理輔導法規定核准納管,,
2024-01-26,經濟部專案檢送109至111年違反非都市土地使用管制案件查處情形表(截至112年12月31日),239,高雄市,,,岡山區嘉興段2083地號,特定農業區,農牧用地,"裁處罰鍰                  已停止供水供電",,
2024-01-26,經濟部專案檢送109至111年違反非都市土地使用管制案件查處情形表(截至112年12月31日),240,高雄市,,,岡山區嘉興段2083地號,特定農業區,農牧用地,"裁處罰鍰                  已停止供水供電",,
2024-01-26,經濟部專案檢送109至111年違反非都市土地使用管制案件查處情形表(截至112年12月31日),299,高雄市,,,湖內區圍子內段4162地號,一般農業區,農牧用地,"裁處罰鍰                  已停止供水供電",,
2024-01-26,經濟部專案檢送109至111年違反非都市土地使用管制案件查處情形表(截至112年12月31日),300,高雄市,,,岡山區台安段259地號,一般農業區,農牧用地,依工廠管理輔導法規定申請納管審核中,,
2024-01-26,經濟部專案檢送109至111年違反非都市土地使用管制案件查處情形表(截至112年12月31日),301,高雄市,,,阿蓮區阿蓮段2856地號,特定農業區,農牧用地,依工廠管理輔導法規定申請納管審核中,,
2024-01-26,經濟部專案檢送109至111年違反非都市土地使用管制案件查處情形表(截至112年12月31日),339,高雄市,,,鳥松區松埔段854地號,特定農業區,農牧用地,"裁處罰鍰                  已停止供水供電",,
2024-01-26,經濟部專案檢送109至111年違反非都市土地使用管制案件查處情形表(截至112年12月31日),348,高雄市,,,阿蓮區青安段413地號,特定農業區,農牧用地,"裁處罰鍰                  已停止供水供電",,
2024-01-26,經濟部專案檢送109至111年違反非都市土地使用管制案件查處情形表(截至112年12月31日),349,高雄市,,,岡山區嘉潭段147地號,特定農業區,交通用地,"裁處罰鍰                  已停止供水供電",,
2024-01-26,經濟部專案檢送109至111年違反非都市土地使用管制案件查處情形表(截至112年12月31日),350,高雄市,,,岡山區大華段781地號,特定農業區,農牧用地,"裁處罰鍰                  已停止供水供電",,
2024-01-26,經濟部專案檢送109至111年違反非都市土地使用管制案件查處情形表(截至112年12月31日),425,高雄市,,,岡山區嘉興段2017地號,特定農業區,農牧用地,"裁處罰鍰                  已停止供水供電",,
2024-01-26,經濟部專案檢送109年至111年違反都市計畫土地使用管制查處情形表（截至112.12.31）,62,高雄市,,,大寮區磚子磘段2079地號,農業區,,裁處罰鍰,,
2024-01-26,經濟部專案檢送109年至111年違反都市計畫土地使用管制查處情形表（截至112.12.31）,63,高雄市,,,大寮區山子頂段4142-3、4142-4、4142-5地號,農業區,,裁處罰鍰,,
2024-01-26,經濟部專案檢送109年至111年違反都市計畫土地使用管制查處情形表（截至112.12.31）,64,高雄市,,,大樹區維新段33-37地號,農業區,,裁處罰鍰,,
2024-01-26,經濟部專案檢送109年至111年違反都市計畫土地使用管制查處情形表（截至112.12.31）,65,高雄市,,,大寮區山子頂段2227、2227-1地號,農業區,,裁處罰鍰,,
2024-01-26,經濟部專案檢送109年至111年違反都市計畫土地使用管制查處情形表（截至112.12.31）,66,高雄市,,,鳥松區大腳腿段1297-7地號,農業區,,裁處罰鍰,,
2024-01-26,經濟部專案檢送109年至111年違反都市計畫土地使用管制查處情形表（截至112.12.31）,67,高雄市,,,鳥松區大腳腿段1297-6地號,農業區,,裁處罰鍰,,
2024-03-11,經濟部專案檢送109至111年違反非都市土地使用管制案件查處情形表(截至113年1月31日),41,高雄市,,,路竹區新園段3392地號,特定農業區,農牧用地,"裁處罰鍰                  已停止供水供電",,
2024-03-11,經濟部專案檢送109至111年違反非都市土地使用管制案件查處情形表(截至113年1月31日),42,高雄市,,,路竹區新園段3393地號,特定農業區,農牧用地,"裁處罰鍰                  已停止供水供電",,
2024-03-11,經濟部專案檢送109至111年違反非都市土地使用管制案件查處情形表(截至113年1月31日),43,高雄市,,,岡山區拕子段1057-5、1058-1、1058-3、1058-4地號,一般農業區,農牧用地,"裁處罰鍰                   依工廠管理輔導法規定申請納管審核中",,
2024-03-11,經濟部專案檢送109至111年違反非都市土地使用管制案件查處情形表(截至113年1月31日),136,高雄市,,,梓官區新興段698、699地號,一般農業區,農牧用地,依工廠管理輔導法規定核准納管,,
2024-03-11,經濟部專案檢送109至111年違反非都市土地使用管制案件查處情形表(截至113年1月31日),239,高雄市,,,岡山區嘉興段2083地號,特定農業區,農牧用地,"裁處罰鍰                  已停止供水供電",,
2024-03-11,經濟部專案檢送109至111年違反非都市土地使用管制案件查處情形表(截至113年1月31日),240,高雄市,,,岡山區嘉興段2083地號,特定農業區,農牧用地,"裁處罰鍰                  已停止供水供電",,
2024-03-11,經濟部專案檢送109至111年違反非都市土地使用管制案件查處情形表(截至113年1月31日),299,高雄市,,,湖內區圍子內段4162地號,一般農業區,農牧用地,"裁處罰鍰                  已停止供水供電",,
2024-03-11,經濟部專案檢送109至111年違反非都市土地使用管制案件查處情形表(截至113年1月31日),300,高雄市,,,岡山區台安段259地號,一般農業區,農牧用地,依工廠管理輔導法規定申請納管審核中,,
2024-03-11,經濟部專案檢送109至111年違反非都市土地使用管制案件查處情形表(截至113年1月31日),301,高雄市,,,阿蓮區阿蓮段2856地號,特定農業區,農牧用地,依工廠管理輔導法規定申請納管審核中,,
2024-03-11,經濟部專案檢送109至111年違反非都市土地使用管制案件查處情形表(截至113年1月31日),339,高雄市,,,鳥松區松埔段854地號,特定農業區,農牧用地,"裁處罰鍰                  已停止供水供電",,
2024-03-11,經濟部專案檢送109至111年違反非都市土地使用管制案件查處情形表(截至113年1月31日),348,高雄市,,,阿蓮區青安段413地號,特定農業區,農牧用地,"裁處罰鍰                  已停止供水供電",,
2024-03-11,經濟部專案檢送109至111年違反非都市土地使用管制案件查處情形表(截至113年1月31日),349,高雄市,,,岡山區嘉潭段147地號,特定農業區,交通用地,"裁處罰鍰                  已停止供水供電",,
2024-03-11,經濟部專案檢送109至111年違反非都市土地使用管制案件查處情形表(截至113年1月31日),350,高雄市,,,岡山區大華段781地號,特定農業區,農牧用地,"裁處罰鍰                  已停止供水供電",,
2024-03-11,經濟部專案檢送109至111年違反非都市土地使用管制案件查處情形表(截至113年1月31日),425,高雄市,,,岡山區嘉興段2017地號,特定農業區,農牧用地,"裁處罰鍰                  已停止供水供電",,
2024-03-11,經濟部專案檢送109年至111年違反都市計畫土地使用管制查處情形表（截至113.1.31）,62,高雄市,,,大寮區磚子磘段2079地號,農業區,,裁處罰鍰,,
2024-03-11,經濟部專案檢送109年至111年違反都市計畫土地使用管制查處情形表（截至113.1.31）,63,高雄市,,,大寮區山子頂段4142-3、4142-4、4142-5地號,農業區,,裁處罰鍰,,
2024-03-11,經濟部專案檢送109年至111年違反都市計畫土地使用管制查處情形表（截至113.1.31）,64,高雄市,,,大樹區維新段33-37地號,農業區,,裁處罰鍰,,
2024-03-11,經濟部專案檢送109年至111年違反都市計畫土地使用管制查處情形表（截至113.1.31）,65,高雄市,,,大寮區山子頂段2227、2227-1地號,農業區,,裁處罰鍰,,
2024-03-11,經濟部專案檢送109年至111年違反都市計畫土地使用管制查處情形表（截至113.1.31）,66,高雄市,,,鳥松區大腳腿段1297-7地號,農業區,,裁處罰鍰,,
2024-03-11,經濟部專案檢送109年至111年違反都市計畫土地使用管制查處情形表（截至113.1.31）,67,高雄市,,,鳥松區大腳腿段1297-6地號,農業區,,裁處罰鍰,,
2024-03-15,經濟部專案檢送109至111年違反非都市土地使用管制案件查處情形表(截至113年2月29日),41,高雄市,,,路竹區新園段3392地號,特定農業區,農牧用地,"裁處罰鍰                  已停止供水供電",,
2024-03-15,經濟部專案檢送109至111年違反非都市土地使用管制案件查處情形表(截至113年2月29日),42,高雄市,,,路竹區新園段3393地號,特定農業區,農牧用地,"裁處罰鍰                  已停止供水供電",,
2024-03-15,經濟部專案檢送109至111年違反非都市土地使用管制案件查處情形表(截至113年2月29日),43,高雄市,,,岡山區拕子段1057-5、1058-1、1058-3、1058-4地號,一般農業區,農牧用地,"裁處罰鍰                   依工廠管理輔導法規定申請納管審核中",,
2024-03-15,經濟部專案檢送109至111年違反非都市土地使用管制案件查處情形表(截至113年2月29日),136,高雄市,,,梓官區新興段698、699地號,一般農業區,農牧用地,依工廠管理輔導法規定核准納管,,
2024-03-15,經濟部專案檢送109至111年違反非都市土地使用管制案件查處情形表(截至113年2月29日),239,高雄市,,,岡山區嘉興段2083地號,特定農業區,農牧用地,"裁處罰鍰                  已停止供水供電",,
2024-03-15,經濟部專案檢送109至111年違反非都市土地使用管制案件查處情形表(截至113年2月29日),240,高雄市,,,岡山區嘉興段2083地號,特定農業區,農牧用地,"裁處罰鍰                  已停止供水供電",,
2024-03-15,經濟部專案檢送109至111年違反非都市土地使用管制案件查處情形表(截至113年2月29日),299,高雄市,,,湖內區圍子內段4162地號,一般農業區,農牧用地,"裁處罰鍰                  已停止供水供電",,
2024-03-15,經濟部專案檢送109至111年違反非都市土地使用管制案件查處情形表(截至113年2月29日),300,高雄市,,,岡山區台安段259地號,一般農業區,農牧用地,依工廠管理輔導法規定申請納管審核中,,
2024-03-15,經濟部專案檢送109至111年違反非都市土地使用管制案件查處情形表(截至113年2月29日),301,高雄市,,,阿蓮區阿蓮段2856地號,特定農業區,農牧用地,依工廠管理輔導法規定申請納管審核中,,
2024-03-15,經濟部專案檢送109至111年違反非都市土地使用管制案件查處情形表(截至113年2月29日),339,高雄市,,,鳥松區松埔段854地號,特定農業區,農牧用地,"裁處罰鍰                  已停止供水供電",,
2024-03-15,經濟部專案檢送109至111年違反非都市土地使用管制案件查處情形表(截至113年2月29日),348,高雄市,,,阿蓮區青安段413地號,特定農業區,農牧用地,"裁處罰鍰                  已停止供水供電",,
2024-03-15,經濟部專案檢送109至111年違反非都市土地使用管制案件查處情形表(截至113年2月29日),349,高雄市,,,岡山區嘉潭段147地號,特定農業區,交通用地,"裁處罰鍰                  已停止供水供電",,
2024-03-15,經濟部專案檢送109至111年違反非都市土地使用管制案件查處情形表(截至113年2月29日),350,高雄市,,,岡山區大華段781地號,特定農業區,農牧用地,"裁處罰鍰                  已停止供水供電",,
2024-03-15,經濟部專案檢送109至111年違反非都市土地使用管制案件查處情形表(截至113年2月29日),425,高雄市,,,岡山區嘉興段2017地號,特定農業區,農牧用地,"裁處罰鍰                  已停止供水供電",,
2024-03-15,經濟部專案檢送109年至111年違反都市計畫土地使用管制查處情形表（截至113.2.29）,62,高雄市,,,大寮區磚子磘段2079地號,農業區,,裁處罰鍰,,
2024-03-15,經濟部專案檢送109年至111年違反都市計畫土地使用管制查處情形表（截至113.2.29）,63,高雄市,,,大寮區山子頂段4142-3、4142-4、4142-5地號,農業區,,裁處罰鍰,,
2024-03-15,經濟部專案檢送109年至111年違反都市計畫土地使用管制查處情形表（截至113.2.29）,64,高雄市,,,大樹區維新段33-37地號,農業區,,裁處罰鍰,,
2024-03-15,經濟部專案檢送109年至111年違反都市計畫土地使用管制查處情形表（截至113.2.29）,65,高雄市,,,大寮區山子頂段2227、2227-1地號,農業區,,裁處罰鍰,,
2024-03-15,經濟部專案檢送109年至111年違反都市計畫土地使用管制查處情形表（截至113.2.29）,66,高雄市,,,鳥松區大腳腿段1297-7地號,農業區,,裁處罰鍰,,
2024-03-15,經濟部專案檢送109年至111年違反都市計畫土地使用管制查處情形表（截至113.2.29）,67,高雄市,,,鳥松區大腳腿段1297-6地號,農業區,,裁處罰鍰,,
2024-06-03,經濟部專案檢送109至111年違反非都市土地使用管制案件查處情形表(截至113年3月31日),41,高雄市,,,路竹區新園段3392地號,特定農業區,農牧用地,"裁處罰鍰                  已停止供水供電",,
2024-06-03,經濟部專案檢送109至111年違反非都市土地使用管制案件查處情形表(截至113年3月31日),42,高雄市,,,路竹區新園段3393地號,特定農業區,農牧用地,"裁處罰鍰                  已停止供水供電",,
2024-06-03,經濟部專案檢送109至111年違反非都市土地使用管制案件查處情形表(截至113年3月31日),43,高雄市,,,岡山區拕子段1057-5、1058-1、1058-3、1058-4地號,一般農業區,農牧用地,"裁處罰鍰                   依工廠管理輔導法規定申請納管審核中",,
2024-06-03,經濟部專案檢送109至111年違反非都市土地使用管制案件查處情形表(截至113年3月31日),136,高雄市,,,梓官區新興段698、699地號,一般農業區,農牧用地,依工廠管理輔導法規定核准納管,,
2024-06-03,經濟部專案檢送109至111年違反非都市土地使用管制案件查處情形表(截至113年3月31日),239,高雄市,,,岡山區嘉興段2083地號,特定農業區,農牧用地,"裁處罰鍰                  已停止供水供電",,
2024-06-03,經濟部專案檢送109至111年違反非都市土地使用管制案件查處情形表(截至113年3月31日),240,高雄市,,,岡山區嘉興段2083地號,特定農業區,農牧用地,"裁處罰鍰                  已停止供水供電",,
2024-06-03,經濟部專案檢送109至111年違反非都市土地使用管制案件查處情形表(截至113年3月31日),299,高雄市,,,湖內區圍子內段4162地號,一般農業區,農牧用地,"裁處罰鍰                  已停止供水供電",,
2024-06-03,經濟部專案檢送109至111年違反非都市土地使用管制案件查處情形表(截至113年3月31日),300,高雄市,,,岡山區台安段259地號,一般農業區,農牧用地,依工廠管理輔導法規定申請納管審核中,,
2024-06-03,經濟部專案檢送109至111年違反非都市土地使用管制案件查處情形表(截至113年3月31日),301,高雄市,,,阿蓮區阿蓮段2856地號,特定農業區,農牧用地,依工廠管理輔導法規定申請納管審核中,,
2024-06-03,經濟部專案檢送109至111年違反非都市土地使用管制案件查處情形表(截至113年3月31日),339,高雄市,,,鳥松區松埔段854地號,特定農業區,農牧用地,"裁處罰鍰                  已停止供水供電",,
2024-06-03,經濟部專案檢送109至111年違反非都市土地使用管制案件查處情形表(截至113年3月31日),348,高雄市,,,阿蓮區青安段413地號,特定農業區,農牧用地,"裁處罰鍰                  已停止供水供電",,
2024-06-03,經濟部專案檢送109至111年違反非都市土地使用管制案件查處情形表(截至113年3月31日),349,高雄市,,,岡山區嘉潭段147地號,特定農業區,交通用地,"裁處罰鍰                  已停止供水供電",,
2024-06-03,經濟部專案檢送109至111年違反非都市土地使用管制案件查處情形表(截至113年3月31日),350,高雄市,,,岡山區大華段781地號,特定農業區,農牧用地,"裁處罰鍰                  已停止供水供電",,
2024-06-03,經濟部專案檢送109至111年違反非都市土地使用管制案件查處情形表(截至113年3月31日),425,高雄市,,,岡山區嘉興段2017地號,特定農業區,農牧用地,"裁處罰鍰                  已停止供水供電",,
2024-06-03,經濟部專案檢送109年至111年違反都市計畫土地使用管制查處情形表（截至113.3.31）,63,高雄市,,,大寮區磚子磘段2079地號,農業區,,裁處罰鍰,,
2024-06-03,經濟部專案檢送109年至111年違反都市計畫土地使用管制查處情形表（截至113.3.31）,64,高雄市,,,大寮區山子頂段4142-3、4142-4、4142-5地號,農業區,,裁處罰鍰,,
2024-06-03,經濟部專案檢送109年至111年違反都市計畫土地使用管制查處情形表（截至113.3.31）,65,高雄市,,,大樹區維新段33-37地號,農業區,,裁處罰鍰,,
2024-06-03,經濟部專案檢送109年至111年違反都市計畫土地使用管制查處情形表（截至113.3.31）,66,高雄市,,,大寮區山子頂段2227、2227-1地號,農業區,,裁處罰鍰,,
2024-06-03,經濟部專案檢送109年至111年違反都市計畫土地使用管制查處情形表（截至113.3.31）,67,高雄市,,,鳥松區大腳腿段1297-7地號,農業區,,裁處罰鍰,,
2024-06-03,經濟部專案檢送109年至111年違反都市計畫土地使用管制查處情形表（截至113.3.31）,68,高雄市,,,鳥松區大腳腿段1297-6地號,農業區,,裁處罰鍰,,
2024-06-04,經濟部專案檢送109至112年違反非都市土地使用管制案件查處情形表(截至113年4月30日),37,高雄市,,,路竹區新園段3392地號,特定農業區,農牧用地,已停止供水供電,,
2024-06-04,經濟部專案檢送109至112年違反非都市土地使用管制案件查處情形表(截至113年4月30日),38,高雄市,,,路竹區新園段3393地號,特定農業區,農牧用地,已停止供水供電,,
2024-06-04,經濟部專案檢送109至112年違反非都市土地使用管制案件查處情形表(截至113年4月30日),39,高雄市,,,岡山區拕子段1057-5、1058-1、1058-3、1058-4地號,一般農業區,農牧用地,依工廠管理輔導法規定申請納管審核中,,
2024-06-04,經濟部專案檢送109至112年違反非都市土地使用管制案件查處情形表(截至113年4月30日),124,高雄市,,,梓官區新興段698、699地號,一般農業區,農牧用地,依工廠管理輔導法規定核准納管,,
2024-06-04,經濟部專案檢送109至112年違反非都市土地使用管制案件查處情形表(截至113年4月30日),225,高雄市,,,岡山區嘉興段2083地號,特定農業區,農牧用地,已停止供水供電,,
2024-06-04,經濟部專案檢送109至112年違反非都市土地使用管制案件查處情形表(截至113年4月30日),226,高雄市,,,岡山區嘉興段2083地號,特定農業區,農牧用地,已停止供水供電,,
2024-06-04,經濟部專案檢送109至112年違反非都市土地使用管制案件查處情形表(截至113年4月30日),285,高雄市,,,湖內區圍子內段4162地號,一般農業區,農牧用地,已停止供水供電,,
2024-06-04,經濟部專案檢送109至112年違反非都市土地使用管制案件查處情形表(截至113年4月30日),286,高雄市,,,岡山區台安段259地號,一般農業區,農牧用地,依工廠管理輔導法規定申請納管審核中,,
2024-06-04,經濟部專案檢送109至112年違反非都市土地使用管制案件查處情形表(截至113年4月30日),287,高雄市,,,阿蓮區阿蓮段2856地號,特定農業區,農牧用地,依工廠管理輔導法規定申請納管審核中,,
2024-06-04,經濟部專案檢送109至112年違反非都市土地使用管制案件查處情形表(截至113年4月30日),325,高雄市,,,鳥松區松埔段854地號,特定農業區,農牧用地,已停止供水供電,,
2024-06-04,經濟部專案檢送109至112年違反非都市土地使用管制案件查處情形表(截至113年4月30日),334,高雄市,,,阿蓮區青安段413地號,特定農業區,農牧用地,已停止供水供電,,
2024-06-04,經濟部專案檢送109至112年違反非都市土地使用管制案件查處情形表(截至113年4月30日),335,高雄市,,,岡山區嘉潭段147地號,特定農業區,交通用地,已停止供水供電,,
2024-06-04,經濟部專案檢送109至112年違反非都市土地使用管制案件查處情形表(截至113年4月30日),336,高雄市,,,岡山區大華段781地號,特定農業區,農牧用地,已停止供水供電,,
2024-06-04,經濟部專案檢送109至112年違反非都市土地使用管制案件查處情形表(截至113年4月30日),411,高雄市,,,岡山區嘉興段2017地號,特定農業區,農牧用地,已停止供水供電,,
2024-06-04,經濟部專案檢送109至112年違反非都市土地使用管制案件查處情形表(截至113年4月30日),508,高雄市,,,燕巢區湖內段145地號,一般農業區,農牧用地,裁處罰鍰,,
2024-06-04,經濟部專案檢送109至112年違反非都市土地使用管制案件查處情形表(截至113年4月30日),509,高雄市,,,大社區圳觀段1051-1地號,一般農業區,農牧用地,裁處罰鍰,,
2024-06-04,經濟部專案檢送109至112年違反非都市土地使用管制案件查處情形表(截至113年4月30日),510,高雄市,,,彌陀區南庄段1093、1092地號,一般農業區,農牧用地,查處中,,
2024-06-04,經濟部專案檢送109至112年違反非都市土地使用管制案件查處情形表(截至113年4月30日),511,高雄市,,,仁武區烏林段1384-10地號,山坡地保育區,農牧用地,裁處罰鍰,,
2024-06-04,經濟部專案檢送109至112年違反非都市土地使用管制案件查處情形表(截至113年4月30日),512,高雄市,,,仁武區仁龍段822地號,一般農業區,農牧用地,裁處罰鍰,,
2024-06-04,經濟部專案檢送109至112年違反非都市土地使用管制案件查處情形表(截至113年4月30日),513,高雄市,,,仁武區仁義段428地號,一般農業區,農牧用地,裁處罰鍰,,
2024-06-04,經濟部專案檢送109至112年違反非都市土地使用管制案件查處情形表(截至113年4月30日),514,高雄市,,,旗山區旗尾段一小段1392地號,特定農業區,農牧用地,裁處罰鍰,,
2024-06-04,經濟部專案檢送109至112年違反非都市土地使用管制案件查處情形表(截至113年4月30日),515,高雄市,,,燕巢區北角宿段488-1地號,一般農業區,農牧用地,裁處罰鍰,,
2024-06-04,經濟部專案檢送109至112年違反非都市土地使用管制案件查處情形表(截至113年4月30日),516,高雄市,,,彌陀區安港段108-1地號,一般農業區,養殖用地,查處中,,
2024-06-04,經濟部專案檢送109至112年違反非都市土地使用管制案件查處情形表(截至113年4月30日),517,高雄市,,,岡山區華崗段483地號(部分使用),特定農業區,農牧用地,裁處罰鍰,,
2024-06-04,經濟部專案檢送109至112年違反非都市土地使用管制案件查處情形表(截至113年4月30日),518,高雄市,,,仁武區烏林段828地號(部分使用),一般農業區,農牧用地,查處中,,
2024-06-04,經濟部專案檢送109至112年違反非都市土地使用管制案件查處情形表(截至113年4月30日),519,高雄市,,,仁武區烏林段827地號(部分使用),一般農業區,農牧用地,查處中,,
2024-06-04,經濟部專案檢送109至112年違反非都市土地使用管制案件查處情形表(截至113年4月30日),520,高雄市,,,"仁武區烏林段827地號(部分使用)
仁武區烏林段832地號(部分使用)",一般農業區,農牧用地,裁處罰鍰,,
2024-06-04,經濟部專案檢送109年至112年違反都市計畫土地使用管制案件裁罰情形(截至113年4月30日),84,高雄市,,,大寮區磚子磘段2079地號,農業區,,裁處罰鍰,,
2024-06-04,經濟部專案檢送109年至112年違反都市計畫土地使用管制案件裁罰情形(截至113年4月30日),85,高雄市,,,大寮區山子頂段4142-3、4142-4、4142-5地號,農業區,,裁處罰鍰,,
2024-06-04,經濟部專案檢送109年至112年違反都市計畫土地使用管制案件裁罰情形(截至113年4月30日),86,高雄市,,,大樹區維新段33-37地號,農業區,,裁處罰鍰,,
2024-06-04,經濟部專案檢送109年至112年違反都市計畫土地使用管制案件裁罰情形(截至113年4月30日),87,高雄市,,,大寮區山子頂段2227、2227-1地號,農業區,,裁處罰鍰,,
2024-06-04,經濟部專案檢送109年至112年違反都市計畫土地使用管制案件裁罰情形(截至113年4月30日),88,高雄市,,,鳥松區大腳腿段1297-7地號,農業區,,裁處罰鍰,,
2024-06-04,經濟部專案檢送109年至112年違反都市計畫土地使用管制案件裁罰情形(截至113年4月30日),89,高雄市,,,鳥松區大腳腿段1297-6地號,農業區,,裁處罰鍰,,
